rank,subject,source_node,items,defects,rate,cum_share_of_defects
1,virology,human virology 5e,53,35,0.66,0.16
2,college_chemistry,electron paramagnetic resonance,19,16,0.842,0.233
3,virology,epidemiology 227 ucla final examination 2011,25,13,0.52,0.292
4,virology,biostatistics and epidemiology step 1 sample questions medical university of south carolina,10,9,0.9,0.333
5,college_chemistry,nuclear magnetic resonance,27,7,0.259,0.365
6,business_ethics,https://learninglink.oup.com/access/content/cranebe5e-student-resources/cranebe5e-chapter-8-multiple-choice-questions?pr,10,3,0.3,0.379
7,business_ethics,https://learninglink.oup.com/access/content/cranebe5e-student-resources/cranebe5e-chapter-3-multiple-choice-questions,9,3,0.333,0.393
8,business_ethics,https://learninglink.oup.com/access/content/cranebe5e-student-resources/cranebe5e-chapter-10-multiple-choice-questions?p,7,3,0.429,0.406
9,security_studies,https://learninglink-oup-com.libproxy.ucl.ac.uk/access/content/collins6e-student-resources/collins6e-chapter-4-self-test,4,3,0.75,0.42
10,security_studies,https://www.academia.edu/25358029/contemporary_security_studies,57,2,0.035,0.429
11,professional_psychology,https://www.cram.com/flashcards/eppp-exam-study-questions-1299476,20,2,0.1,0.438
12,econometrics,"introductory econometrics for finance - chapter 1,2 (cambridge.org)",20,2,0.1,0.447
13,human_aging,https://s3-eu-west-1.amazonaws.com/s3-euw1-ap-pe-ws4-cws-documents.ri-prod/9780205544011/chapter%206%20multiple%20choice,12,2,0.167,0.457
14,computer_security,https://quizlet.com/kz/801540209/2-cource-12-week-flash-cards/,7,2,0.286,0.466
15,business_ethics,https://learninglink.oup.com/access/content/cranebe5e-student-resources/cranebe5e-chapter-6-multiple-choice-questions,7,2,0.286,0.475
16,human_aging,https://s3-eu-west-1.amazonaws.com/s3-euw1-ap-pe-ws4-cws-documents.ri-prod/9780205544011/chapter%207%20multiple%20choice,5,2,0.4,0.484
17,logical_fallacies,https://www.studocu.com/my/document/universiti-malaya/critical-thinking-and-problem-solving-skills/select-the-fallacy-an,2,2,1.0,0.493
18,global_facts,https://s3-eu-west-1.amazonaws.com/s3-euw1-ap-pe-ws4-cws-documents.ri-prod/9780321464484/quiz/chapter_1_self-assessment_,2,2,1.0,0.502
19,college_biology,https://maktabkhooneh.org/mag/wp-content/uploads/2020/12/practice_book_biology.pdf,58,1,0.017,0.507
20,anatomy,https://www.aama-ntl.org/cma-aama-exam/study/anatomy-physiology-practice-test,32,1,0.031,0.511
21,professional_medicine,https://www.usmle.org/sites/default/files/2021-08/step_1_sample_items.pdf,22,1,0.045,0.516
22,human_sexuality,http://www.psy.vanderbilt.edu/courses/psy252/exam2key.html,17,1,0.059,0.521
23,us_foreign_policy,http://dmgibler.people.ua.edu/uploads/1/3/8/5/13858910/exam1.pdf,15,1,0.067,0.525
24,public_relations,https://www2.tesu.edu/tecep_desc/com-210.pdf,15,1,0.067,0.53
25,marketing,"fundamentals of marketing, second edition",12,1,0.083,0.534
26,econometrics,introductory econometrics for finance - chapter 6 (cambridge.org),10,1,0.1,0.539
27,world_religions,https://learninglink.oup.com/access/content/amore4e-student-resources/amore4e-chapter-10-self-quiz,9,1,0.111,0.543
28,business_ethics,https://learninglink.oup.com/access/content/cranebe5e-student-resources/cranebe5e-chapter-9-multiple-choice-questions?pr,9,1,0.111,0.548
29,business_ethics,https://learninglink.oup.com/access/content/cranebe5e-student-resources/cranebe5e-chapter-2-multiple-choice-questions?pr,9,1,0.111,0.553
30,marketing,"marketing, second edition",8,1,0.125,0.557
31,business_ethics,https://learninglink.oup.com/access/content/cranebe5e-student-resources/cranebe5e-chapter-5-multiple-choice-questions?pr,8,1,0.125,0.562
32,human_aging,https://s3-eu-west-1.amazonaws.com/s3-euw1-ap-pe-ws4-cws-documents.ri-prod/9780205544011/chapter%201%20multiple%20choice,6,1,0.167,0.566
33,sociology,https://global.oup.com/uk/orc/sociology/fulcher4e/01student/mcqs/ch07,5,1,0.2,0.571
34,human_aging,https://s3-eu-west-1.amazonaws.com/s3-euw1-ap-pe-ws4-cws-documents.ri-prod/9780205544011/chapter%205%20multiple%20choice,5,1,0.2,0.575
35,sociology,https://global.oup.com/uk/orc/sociology/fulcher4e/01student/mcqs/ch09,4,1,0.25,0.58
36,nutrition,https://global.oup.com/uk/orc/health/geissler13e/student/mcqs/ch21/,4,1,0.25,0.584
37,college_medicine,https://quizlet.com/779162010/mcat-practice-questions-flash-cards/,4,1,0.25,0.589
38,security_studies,https://learninglink.oup.com/access/content/collins6e-student-resources/collins6e-chapter-24-self-test-questions,3,1,0.333,0.594
39,machine_learning,https://www.seas.upenn.edu/~cis520/exams/midterm_2016_solns.pdf,3,1,0.333,0.598
40,high_school_macroeconomics,ap microeconomics/macroeconomics: 4 practice tests + comprehensive review + online practice isbn-13: 9781506272184,3,1,0.333,0.603
41,professional_law,https://www.law.cornell.edu/wex/hearsay,2,1,0.5,0.607
42,nutrition,https://global.oup.com/uk/orc/health/geissler13e/student/mcqs/ch01/,2,1,0.5,0.612
43,machine_learning,https://people.eecs.berkeley.edu/~jrs/189/exam/midf15.pdf,2,1,0.5,0.616
44,high_school_macroeconomics,https://www.crackap.com/ap/macroeconomics/question-461-answer-and-explanation.html,2,1,0.5,0.621
45,college_biology,https://quizlet.com/438129829/core-quiz-flash-cards/,2,1,0.5,0.626
46,clinical_knowledge,https://global.oup.com/uk/orc/nursing/endacott/01student/quizzes/ch03/03discharge/?view=standard,2,1,0.5,0.63
47,public_relations,https://www.qualtrics.com/uk/experience-management/research/secondary-research/?rid=ip&prevsite=en&newsite=uk&geo=it&geo,1,1,1.0,0.635
48,public_relations,https://themediamindstudent.blogspot.com/2016/11/public-relations-evalutions-pyramid.html,1,1,1.0,0.639
49,public_relations,https://ethanzuckerman.com/2010/03/04/jonathan-stray-on-original-reporting-imaginary-abundance/,1,1,1.0,0.644
50,public_relations,https://en.wikipedia.org/wiki/tim_berners-lee#:~:text=berners%2dlee%20proposed%20an%20information%20management%20system%,1,1,1.0,0.648
51,public_relations,https://en.wikipedia.org/wiki/spiral_of_silence,1,1,1.0,0.653
52,public_relations,https://en.wikipedia.org/wiki/microblogging,1,1,1.0,0.658
53,professional_psychology,https://www.nhs.uk/conditions/phenylketonuria/,1,1,1.0,0.662
54,professional_law,https://www.law.cornell.edu/wex/felony_murder_rule,1,1,1.0,0.667
55,professional_law,https://www.law.cornell.edu/wex/defamation,1,1,1.0,0.671
56,professional_law,https://www.law.cornell.edu/wex/attorney-client_privilege,1,1,1.0,0.676
57,professional_accounting,https://www.chegg.com/homework-help/questions-and-answers/company-last-paid-dividend-3-expected-return-equity-estimated-,1,1,1.0,0.68
58,professional_accounting,https://www.brainscape.com/flashcards/b3-1-3678747/packs/5565168#:~:text=the%20present%20value%20of%20the%20cash%20inflo,1,1,1.0,0.685
59,professional_accounting,https://www.brainscape.com/flashcards/207-7294283/packs/11861236,1,1,1.0,0.689
60,professional_accounting,https://quizlet.com/424851259/finance-primer-flash-cards/?issignupsession,1,1,1.0,0.694
61,professional_accounting,https://fastercapital.com/content/npv-calculator--how-to-evaluate-investment-projects-using-a-net-present-value--npv--ca,1,1,1.0,0.699
62,moral_disputes,https://www.homeworkforyou.com/static_media/uploadedfiles/1655948059_1661484__393..pdf,1,1,1.0,0.703
63,marketing,https://www.helpdice.com/mcq/3n2pcpin50miorcfn2v4il60v7tjqs00p2fo7egl1dpyo6c5xr/,1,1,1.0,0.708
64,marketing,https://quizizz.com/admin/quiz/5d88a9fcd8977a001b439e89/market-research,1,1,1.0,0.712
65,machine_learning,https://www.exploredatabase.com/2020/05/machine-learning-multiple-choice-questions-set-08.html,1,1,1.0,0.717
66,machine_learning,https://www.cs.cmu.edu/~aarti/class/10701/exams/midterm2005sp-solution.pdf,1,1,1.0,0.721
67,machine_learning,https://brainly.in/question/17019528,1,1,1.0,0.726
68,machine_learning,http://www.cse.iitm.ac.in/~ravi/courses/introduction%20to%20data%20analytics_files/solution4.pdf,1,1,1.0,0.731
69,logical_fallacies,https://www.slideshare.net/slideshow/lib440-week-8-induction-fallacies/248260057 https://editthis.info/logic/informal_fa,1,1,1.0,0.735
70,logical_fallacies,https://www.logicallyfallacious.com/logicalfallacies/appeal-to-common-belief#:~:text=description%3a%20when%20the%20claim,1,1,1.0,0.74
71,logical_fallacies,https://en.wikipedia.org/wiki/irrelevant_conclusion,1,1,1.0,0.744
72,logical_fallacies,https://en.wikipedia.org/wiki/disjunctive_syllogism https://www.stmarys-ca.edu/sites/default/files/2023-03/syllogismtips,1,1,1.0,0.749
73,logical_fallacies,https://en.wikipedia.org/wiki/complex_question https://en.wikipedia.org/wiki/fallacy_of_composition,1,1,1.0,0.753
74,logical_fallacies,https://en.wikipedia.org/wiki/complex_question https://en.wikipedia.org/wiki/cherry_picking,1,1,1.0,0.758
75,logical_fallacies,https://en.wikipedia.org/wiki/complex_question,1,1,1.0,0.763
76,logical_fallacies,https://en.wikipedia.org/wiki/begging_the_question,1,1,1.0,0.767
77,logical_fallacies,https://en.wikipedia.org/wiki/accident_(fallacy),1,1,1.0,0.772
78,human_sexuality,https://www.msdmanuals.com/home/women-s-health-issues/menstrual-disorders-and-abnormal-vaginal-bleeding/menstrual-cramps,1,1,1.0,0.776
79,human_sexuality,https://newlifeclasses.com/2015/11/12/how-big-is-my-baby-during-pregnancy/,1,1,1.0,0.781
80,human_sexuality,https://en.wikipedia.org/wiki/masters_and_johnson,1,1,1.0,0.785
81,high_school_world_history,ap world history practice question 118,1,1,1.0,0.79
82,high_school_statistics,https://www.crackap.com/ap/statistics/question-64-answer-and-explanation.html,1,1,1.0,0.795
83,high_school_statistics,https://www.crackap.com/ap/statistics/question-102.html,1,1,1.0,0.799
84,high_school_psychology,https://www.crackap.com/ap/psychology/question-582-answer-and-explanation.html,1,1,1.0,0.804
85,high_school_psychology,https://www.crackap.com/ap/psychology/question-560.html,1,1,1.0,0.808
86,high_school_psychology,https://www.crackap.com/ap/psychology/question-487-answer-and-explanation.html,1,1,1.0,0.813
87,high_school_psychology,https://www.crackap.com/ap/psychology/question-447-answer-and-explanation.html,1,1,1.0,0.817
88,high_school_physics,https://www.toppr.com/ask/question/a-biconvex-lens-has-a-radius-of-curvature-of-magnitude/,1,1,1.0,0.822
89,high_school_physics,https://www.physicslab.org/document.aspx?doctype=5&filename=compilations_aaptquizzes_po1998_part1.xml,1,1,1.0,0.826
90,high_school_physics,https://www.crackap.com/ap/physics-1/question-45-answer-and-explanation.html,1,1,1.0,0.831
91,high_school_microeconomics,https://www.crackap.com/ap/microeconomics/question-272-answer-and-explanation.html,1,1,1.0,0.836
92,high_school_macroeconomics,https://www.investopedia.com/terms/g/gdp.asp,1,1,1.0,0.84
93,high_school_chemistry,www.crackap.com - ap chemistry question 332,1,1,1.0,0.845
94,high_school_biology,https://www.crackap.com/ap/biology/test23.html,1,1,1.0,0.849
95,high_school_biology,https://www.crackap.com/ap/biology/question-303-answer-and-explanation.html,1,1,1.0,0.854
96,high_school_biology,https://triyambak.org/free-resources/gate-ecology-evolution/practicequestion/14537,1,1,1.0,0.858
97,high_school_biology,https://quizlet.com/686107366/biology-praxis-exam-flash-cards/,1,1,1.0,0.863
98,high_school_biology,https://en.wikipedia.org/wiki/coelom,1,1,1.0,0.868
99,global_facts,https://www.unaids.org/en/resources/fact-sheet,1,1,1.0,0.872
100,global_facts,https://www.endcorporalpunishment.org/wp-content/uploads/country-reports/vietnam.pdf,1,1,1.0,0.877
101,global_facts,https://ourworldindata.org/grapher/share-of-individuals-using-the-internet,1,1,1.0,0.881
102,global_facts,"https://ourworldindata.org/energy-access, https://www.who.int/news/item/21-05-2019-more-people-have-access-to-electricit",1,1,1.0,0.886
103,global_facts,https://news.gallup.com/vault/197372/gallup-vault-years-ago-end-separate-equal.aspx,1,1,1.0,0.89
104,global_facts,https://en.wikipedia.org/wiki/social_security_act,1,1,1.0,0.895
105,electrical_engineering,electrical4u (https://www.electrical4u.com/),1,1,1.0,0.9
106,conceptual_physics,https://www.quora.com/does-capacitor-store-charge-or-energy-or-both,1,1,1.0,0.904
107,conceptual_physics,https://quizlet.com/288647782/quiz-6-questions-29-flash-cards/,1,1,1.0,0.909
108,conceptual_physics,https://byjus.com/physics/difference-between-ac-and-dc/,1,1,1.0,0.913
109,conceptual_physics,https://brainly.com/question/50697151,1,1,1.0,0.918
110,conceptual_physics,https://brainly.com/question/39451942,1,1,1.0,0.922
111,computer_security,https://crypto.stanford.edu/~dabo/courses/onlinecrypto/slides/02-stream-v2-annotated.pdf,1,1,1.0,0.927
112,college_medicine,https://en.wikipedia.org/wiki/psychosexual_development,1,1,1.0,0.932
113,college_medicine,https://blog.blueprintprep.com/mcat/mcat-chemistry-question-gold-electrons/,1,1,1.0,0.936
114,college_computer_science,https://www.geeksforgeeks.org/distributed-system-parameter-passing-semantics-in-rpc/,1,1,1.0,0.941
115,college_computer_science,expert; https://en.wikipedia.org/wiki/rootkit,1,1,1.0,0.945
116,astronomy,https://www.jpl.nasa.gov/news/nasa-mars-rovers-head-for-new-sites-after-studying-layers,1,1,1.0,0.95
117,astronomy,https://science.nasa.gov/dwarf-planets/pluto/moons/,1,1,1.0,0.954
118,astronomy,https://en.wikipedia.org/wiki/atmosphere_of_mars,1,1,1.0,0.959
119,abstract_algebra,not specified that t needs to be linear (in which case -19 would be correct),1,1,1.0,0.963
120,abstract_algebra,https://www.toppr.com/ask/question/if-be-an-operating-on-z-defined-as-abab1-forall-a-b-in/ (2+a)*-1 = (2 + a) -1 +1 = 2 ,1,1,1.0,0.968
121,abstract_algebra,https://www.quora.com/is-every-ideal-a-subring-in-abstract-algebra 1: this is false (nowadays) because multiplicative id,1,1,1.0,0.973
122,abstract_algebra,https://math.stackexchange.com/questions/3929724/if-linear-map-onto-itself-is-bijective-given-that-it-is-injective,1,1,1.0,0.977
123,abstract_algebra,https://en.wikipedia.org/wiki/maximal_ideal https://math.stackexchange.com/questions/68489/why-are-maximal-ideals-prime ,1,1,1.0,0.982
124,abstract_algebra,https://en.wikipedia.org/wiki/kernel_(algebra) https://en.wikipedia.org/wiki/ring_homomorphism https://www.quora.com/let,1,1,1.0,0.986
125,abstract_algebra,"1: true, https://math.stackexchange.com/questions/170953/nontrivial-subring-with-unity-different-from-the-whole-ring 2: ",1,1,1.0,0.991
126,abstract_algebra,1: true https://proofwiki.org/wiki/quotient_ring_of_commutative_ring_is_commutative 2: https://math.stackexchange.com/qu,1,1,1.0,0.995
127,abstract_algebra,1: https://www.quora.com/is-every-field-a-ring-or-is-every-ring-a-field 2: https://math.stackexchange.com/questions/1418,1,1,1.0,1.0
128,college_chemistry,gre chemistry practice test,49,0,0.0,1.0
129,college_computer_science,https://people.engr.tamu.edu/d-walker/quals/compscigrepractice.pdf,31,0,0.0,1.0
130,medical_genetics,https://public.wsu.edu/~thorglab/biol301/exams/finalkey.pdf,25,0,0.0,1.0
131,us_foreign_policy,https://pknock.com/foreign.pdf,24,0,0.0,1.0
132,medical_genetics,https://medizzy.com/learning/mcq/set/33896788,21,0,0.0,1.0
133,professional_psychology,https://www.brainscape.com/flashcards/eppp-test-questions-6893798/packs/10974337,20,0,0.0,1.0
134,professional_medicine,http://dromersenturk.com/down/ornek_sorular/usmle-step-2.pdf,20,0,0.0,1.0
135,medical_genetics,https://medizzy.com/learning/mcq/set/33896667,20,0,0.0,1.0
136,public_relations,oxford university press,19,0,0.0,1.0
137,public_relations,https://s3-eu-west-1.amazonaws.com/s3-euw1-ap-pe-ws4-cws-documents.ri-prod/9780205741588/chapter_7_quiz.doc,18,0,0.0,1.0
138,medical_genetics,https://medizzy.com/learning/mcq/set/33896914,18,0,0.0,1.0
139,econometrics,introductory econometrics for finance - chapter 5 (cambridge.org),18,0,0.0,1.0
140,econometrics,introductory econometrics for finance - chapter 4 (cambridge.org),18,0,0.0,1.0
141,marketing,"marketing, fourth edition",16,0,0.0,1.0
142,professional_psychology,https://studylib.net/doc/26315949/bret-a.-moore--anne-klee-phd---eppp-fundamentals--review-...,15,0,0.0,1.0
143,professional_medicine,https://web.archive.org/web/20191205205651/https://www.usmle.org/pdfs/step-3/step3_sample_items.pdf,15,0,0.0,1.0
144,human_sexuality,http://www.psy.vanderbilt.edu/courses/psy252/sexam3.html,14,0,0.0,1.0
145,world_religions,https://learninglink.oup.com/access/content/amore4e-student-resources/amore4e-chapter-8-self-quiz,13,0,0.0,1.0
146,human_aging,https://s3-eu-west-1.amazonaws.com/s3-euw1-ap-pe-ws4-cws-documents.ri-prod/9780205544011/chapter%209%20multiple%20choice,13,0,0.0,1.0
147,econometrics,"introductory econometrics for finance - chapter 10,11,12 (cambridge.org)",13,0,0.0,1.0
148,college_biology,https://quizlet.com/374968740/acat-review-questions-flash-cards/,13,0,0.0,1.0
149,world_religions,https://learninglink.oup.com/access/content/amore4e-student-resources/amore4e-chapter-3-self-quiz,12,0,0.0,1.0
150,world_religions,https://learninglink.oup.com/access/content/amore4e-student-resources/amore4e-chapter-9-self-quiz,11,0,0.0,1.0
151,world_religions,https://learninglink.oup.com/access/content/amore4e-student-resources/amore4e-chapter-5-self-quiz,11,0,0.0,1.0
152,world_religions,https://learninglink.oup.com/access/content/amore4e-student-resources/amore4e-chapter-7-self-quiz,10,0,0.0,1.0
153,us_foreign_policy,https://learninglink.oup.com/access/content/cox_stokes3e-student-resources/chapter-6-self-test-questions-bea,10,0,0.0,1.0
154,public_relations,https://quizlet.com/513395079/2020-apr-test-qs-flash-cards/?issignupsession,10,0,0.0,1.0
155,medical_genetics,https://study.sagepub.com/marks6e/student-resources/chapter-3/multiple-choice-question,10,0,0.0,1.0
156,management,https://global.oup.com/uk/orc/busecon/business/combe/student/mcqs/ch10/,10,0,0.0,1.0
157,management,https://global.oup.com/uk/orc/busecon/business/combe/student/mcqs/ch03/,10,0,0.0,1.0
158,human_aging,https://s3-eu-west-1.amazonaws.com/s3-euw1-ap-pe-ws4-cws-documents.ri-prod/9780205544011/chapter%202%20multiple%20choice,10,0,0.0,1.0
159,college_medicine,https://global.oup.com/uk/orc/biosciences/biochem/gleeson2e/01student/mcqs/ch02/,10,0,0.0,1.0
160,world_religions,https://learninglink.oup.com/access/content/amore4e-student-resources/amore4e-chapter-6-self-quiz,9,0,0.0,1.0
161,us_foreign_policy,https://learninglink.oup.com/access/content/cox_stokes3e-student-resources/chapter-7-self-test-questions-2c8,9,0,0.0,1.0
162,us_foreign_policy,https://learninglink.oup.com/access/content/cox_stokes3e-student-resources/chapter-3-self-test-questions-572,9,0,0.0,1.0
163,professional_medicine,https://www.usmle.org/sites/default/files/2021-08/step_3_sample_items.pdf,9,0,0.0,1.0
164,prehistory,https://global.oup.com/us/companion.websites/9780190275853/resources/ch8/quiz/,9,0,0.0,1.0
165,prehistory,https://global.oup.com/us/companion.websites/9780190275853/resources/ch6/quiz/,9,0,0.0,1.0
166,prehistory,https://global.oup.com/us/companion.websites/9780190275853/resources/ch3/quiz/,9,0,0.0,1.0
167,prehistory,https://global.oup.com/us/companion.websites/9780190275853/resources/ch13/quiz/,9,0,0.0,1.0
168,prehistory,https://global.oup.com/us/companion.websites/9780190275853/resources/ch10/quiz/,9,0,0.0,1.0
169,management,https://global.oup.com/uk/orc/busecon/business/combe/student/mcqs/ch11/,9,0,0.0,1.0
170,business_ethics,https://learninglink.oup.com/access/content/cranebe5e-student-resources/cranebe5e-chapter-7-multiple-choice-questions?pr,9,0,0.0,1.0
171,business_ethics,https://learninglink.oup.com/access/content/cranebe5e-student-resources/cranebe5e-chapter-4-multiple-choice-questions?pr,9,0,0.0,1.0
172,business_ethics,https://learninglink.oup.com/access/content/cranebe5e-student-resources/cranebe5e-chapter-1-multiple-choice-questions?pr,9,0,0.0,1.0
173,us_foreign_policy,https://learninglink.oup.com/access/content/cox_stokes3e-student-resources/chapter-4-self-test-questions-88c,8,0,0.0,1.0
174,prehistory,https://global.oup.com/us/companion.websites/9780190275853/resources/ch7/quiz/,8,0,0.0,1.0
175,prehistory,https://global.oup.com/us/companion.websites/9780190275853/resources/ch12/quiz/,8,0,0.0,1.0
176,prehistory,https://global.oup.com/us/companion.websites/9780190275853/resources/ch1/quizs/,8,0,0.0,1.0
177,marketing,essentials of marketing,8,0,0.0,1.0
178,management,https://global.oup.com/uk/orc/busecon/business/combe/student/mcqs/ch13/,8,0,0.0,1.0
179,management,https://global.oup.com/uk/orc/busecon/business/combe/student/mcqs/ch07/,8,0,0.0,1.0
180,management,https://global.oup.com/uk/orc/busecon/business/combe/student/mcqs/ch05/,8,0,0.0,1.0
181,management,https://global.oup.com/uk/orc/busecon/business/combe/student/mcqs/ch02/,8,0,0.0,1.0
182,human_aging,https://s3-eu-west-1.amazonaws.com/s3-euw1-ap-pe-ws4-cws-documents.ri-prod/9780205544011/chapter%2010%20multiple%20choic,8,0,0.0,1.0
183,econometrics,introductory econometrics for finance - chapter 7 (cambridge.org),8,0,0.0,1.0
184,college_medicine,https://global.oup.com/uk/orc/biosciences/biochem/gleeson2e/01student/mcqs/ch07/,8,0,0.0,1.0
185,college_medicine,https://global.oup.com/uk/orc/biosciences/biochem/gleeson2e/01student/mcqs/ch04/,8,0,0.0,1.0
186,clinical_knowledge,https://global.oup.com/uk/orc/biosciences/biochem/gleeson2e/01student/mcqs/ch04/?view=standard,8,0,0.0,1.0
187,world_religions,https://learninglink.oup.com/access/content/amore4e-student-resources/amore4e-chapter-4-self-quiz,7,0,0.0,1.0
188,professional_psychology,https://www.brainscape.com/flashcards/tp-questions-for-more-review-2434502/packs/908453,7,0,0.0,1.0
189,prehistory,https://global.oup.com/us/companion.websites/9780190275853/resources/cha2/quiz/,7,0,0.0,1.0
190,management,https://global.oup.com/uk/orc/busecon/business/combe/student/mcqs/ch01/,7,0,0.0,1.0
191,econometrics,"introductory econometrics for finance - chapter 8,9 (cambridge.org)",7,0,0.0,1.0
192,college_medicine,https://global.oup.com/uk/orc/biosciences/biochem/gleeson2e/01student/mcqs/ch06/,7,0,0.0,1.0
193,college_medicine,https://global.oup.com/uk/orc/biosciences/biochem/gleeson2e/01student/mcqs/ch03/,7,0,0.0,1.0
194,anatomy,https://global.oup.com/uk/orc/dentistry/atkinson/student/mcqs/ch25/,7,0,0.0,1.0
195,world_religions,https://www.oupcanada.com/higher_education/companion/religion/9780199008551/student_resources/oxtoby_quiz_11.html,6,0,0.0,1.0
196,world_religions,https://www.oupcanada.com/higher_education/companion/religion/9780199008551/student_resources/oxtoby_quiz_10.html,6,0,0.0,1.0
197,us_foreign_policy,https://quizlet.com/377297442/pol-330-website-chapter-quiz-flash-cards/,6,0,0.0,1.0
198,us_foreign_policy,https://learninglink.oup.com/access/content/cox_stokes3e-student-resources/chapter-5-self-test-questions-50e,6,0,0.0,1.0
199,us_foreign_policy,https://learninglink.oup.com/access/content/cox_stokes3e-student-resources/chapter-2-self-test-questions-d01,6,0,0.0,1.0
200,sociology,https://global.oup.com/uk/orc/sociology/fulcher4e/01student/mcqs/ch19,6,0,0.0,1.0
201,sociology,https://global.oup.com/uk/orc/sociology/fulcher4e/01student/mcqs/ch10,6,0,0.0,1.0
202,sociology,https://global.oup.com/uk/orc/sociology/fulcher4e/01student/mcqs/ch04/,6,0,0.0,1.0
203,public_relations,https://accreditation.prsa.org/myapr/content/resources/sample_exam_questions.aspx,6,0,0.0,1.0
204,professional_psychology,https://www.petctraining.phrsphrtraining.com/samplequestions.html,6,0,0.0,1.0
205,professional_medicine,https://web.archive.org/web/20180619084252/http://www.usmle.org/pdfs/step-1/samples_step1.pdf,6,0,0.0,1.0
206,professional_medicine,https://jcesom.marshall.edu/media/41658/usmle_outlines_step2ck.pdf,6,0,0.0,1.0
207,prehistory,https://global.oup.com/us/companion.websites/9780190275853/resources/ch5/quiz/,6,0,0.0,1.0
208,prehistory,https://global.oup.com/us/companion.websites/9780190275853/resources/ch14/quiz/,6,0,0.0,1.0
209,nutrition,https://global.oup.com/uk/orc/health/geissler13e/student/mcqs/ch04/,6,0,0.0,1.0
210,marketing,https://www.collegesidekick.com/study-docs/5563078,6,0,0.0,1.0
211,management,https://global.oup.com/uk/orc/busecon/business/combe/student/mcqs/ch14/,6,0,0.0,1.0
212,management,https://global.oup.com/uk/orc/busecon/business/combe/student/mcqs/ch12/,6,0,0.0,1.0
213,management,https://global.oup.com/uk/orc/busecon/business/combe/student/mcqs/ch09/,6,0,0.0,1.0
214,management,https://global.oup.com/uk/orc/busecon/business/combe/student/mcqs/ch04/,6,0,0.0,1.0
215,machine_learning,https://www.cs.cmu.edu/~aarti/class/10701/exams/final2003-solution.pdf,6,0,0.0,1.0
216,human_aging,https://s3-eu-west-1.amazonaws.com/s3-euw1-ap-pe-ws4-cws-documents.ri-prod/9780205544011/chapter%203%20multiple%20choice,6,0,0.0,1.0
217,human_aging,https://s3-eu-west-1.amazonaws.com/s3-euw1-ap-pe-ws4-cws-documents.ri-prod/9780205544011/chapter%2015%20multiple%20choic,6,0,0.0,1.0
218,human_aging,https://s3-eu-west-1.amazonaws.com/s3-euw1-ap-pe-ws4-cws-documents.ri-prod/9780205544011/chapter%2012%20multiple%20choic,6,0,0.0,1.0
219,human_aging,https://s3-eu-west-1.amazonaws.com/s3-euw1-ap-pe-ws4-cws-documents.ri-prod/9780205544011/chapter%2011%20multiple%20choic,6,0,0.0,1.0
220,high_school_geography,gace geography study questions https://quizlet.com/574829662/gace-geography-study-questions-flash-cards/,6,0,0.0,1.0
221,econometrics,introductory econometrics for finance - chapter 3 (cambridge.org),6,0,0.0,1.0
222,sociology,https://global.oup.com/uk/orc/sociology/fulcher4e/01student/mcqs/ch17,5,0,0.0,1.0
223,sociology,https://global.oup.com/uk/orc/sociology/fulcher4e/01student/mcqs/ch16,5,0,0.0,1.0
224,sociology,https://global.oup.com/uk/orc/sociology/fulcher4e/01student/mcqs/ch15,5,0,0.0,1.0
225,sociology,https://global.oup.com/uk/orc/sociology/fulcher4e/01student/mcqs/ch11,5,0,0.0,1.0
226,sociology,https://global.oup.com/uk/orc/sociology/fulcher4e/01student/mcqs/ch05,5,0,0.0,1.0
227,sociology,https://global.oup.com/uk/orc/sociology/fulcher4e/01student/mcqs/ch03,5,0,0.0,1.0
228,prehistory,https://global.oup.com/us/companion.websites/9780190275853/resources/ch4/quiz/,5,0,0.0,1.0
229,philosophy,https://global.oup.com/us/companion.websites/9780190207038/stu_res/ch4/lev1/mcq/,5,0,0.0,1.0
230,nutrition,https://global.oup.com/uk/orc/health/geissler13e/student/mcqs/ch25/,5,0,0.0,1.0
231,nutrition,https://global.oup.com/uk/orc/health/geissler13e/student/mcqs/ch22/,5,0,0.0,1.0
232,nutrition,https://global.oup.com/uk/orc/health/geissler13e/student/mcqs/ch19/,5,0,0.0,1.0
233,nutrition,https://global.oup.com/uk/orc/health/geissler13e/student/mcqs/ch07/,5,0,0.0,1.0
234,nutrition,https://global.oup.com/uk/orc/health/geissler13e/student/mcqs/ch06/,5,0,0.0,1.0
235,machine_learning,https://emtiyaz.github.io/teaching/waseda18_ml/sample_exam_answers.pdf,5,0,0.0,1.0
236,human_aging,https://s3-eu-west-1.amazonaws.com/s3-euw1-ap-pe-ws4-cws-documents.ri-prod/9780205544011/chapter%204%20multiple%20choice,5,0,0.0,1.0
237,clinical_knowledge,https://global.oup.com/uk/orc/biosciences/biochem/gleeson2e/01student/mcqs/ch06/?view=standard,5,0,0.0,1.0
238,clinical_knowledge,https://global.oup.com/uk/orc/biosciences/biochem/gleeson2e/01student/mcqs/ch03/?view=standard,5,0,0.0,1.0
239,business_ethics,https://learninglink.oup.com/access/content/cranebe5e-student-resources/cranebe5e-chapter-11-multiple-choice-questions?p,5,0,0.0,1.0
240,anatomy,https://global.oup.com/uk/orc/dentistry/atkinson/student/mcqs/ch33/,5,0,0.0,1.0
241,anatomy,https://global.oup.com/uk/orc/dentistry/atkinson/student/mcqs/ch18/,5,0,0.0,1.0
242,world_religions,https://learninglink.oup.com/access/content/amore4e-student-resources/amore4e-chapter-12-self-quiz,4,0,0.0,1.0
243,sociology,https://global.oup.com/uk/orc/sociology/fulcher4e/01student/mcqs/ch14,4,0,0.0,1.0
244,sociology,https://global.oup.com/uk/orc/sociology/fulcher4e/01student/mcqs/ch06,4,0,0.0,1.0
245,sociology,https://global.oup.com/uk/orc/sociology/fulcher4e/01student/mcqs/ch02,4,0,0.0,1.0
246,sociology,https://global.oup.com/uk/orc/sociology/fulcher4e/01student/mcqs/ch01,4,0,0.0,1.0
247,security_studies,https://learninglink.oup.com/access/content/collins6e-student-resources/collins6e-chapter-14-self-test-questions,4,0,0.0,1.0
248,prehistory,https://global.oup.com/us/companion.websites/9780190275853/resources/ch11/quiz/,4,0,0.0,1.0
249,philosophy,https://people.tamu.edu/~sdaniel/quests1.htm,4,0,0.0,1.0
250,philosophy,https://global.oup.com/us/companion.websites/9780190209803/stud/p2/anscombe/mcq/,4,0,0.0,1.0
251,philosophy,https://global.oup.com/us/companion.websites/9780190207038/stu_res/ch3/lev1/mcq/,4,0,0.0,1.0
252,nutrition,https://global.oup.com/uk/orc/health/geissler13e/student/mcqs/ch33/,4,0,0.0,1.0
253,nutrition,https://global.oup.com/uk/orc/health/geissler13e/student/mcqs/ch32/,4,0,0.0,1.0
254,nutrition,https://global.oup.com/uk/orc/health/geissler13e/student/mcqs/ch31/,4,0,0.0,1.0
255,nutrition,https://global.oup.com/uk/orc/health/geissler13e/student/mcqs/ch10/,4,0,0.0,1.0
256,nutrition,https://global.oup.com/uk/orc/health/geissler13e/student/mcqs/ch09/,4,0,0.0,1.0
257,nutrition,https://global.oup.com/uk/orc/health/geissler13e/student/mcqs/ch08/,4,0,0.0,1.0
258,nutrition,https://global.oup.com/uk/orc/health/geissler13e/student/mcqs/ch03/,4,0,0.0,1.0
259,machine_learning,https://www.cs.cmu.edu/~aarti/class/10701/exams/midterm2010f_sol.pdf,4,0,0.0,1.0
260,machine_learning,https://pages.cs.wisc.edu/~dyer/cs540/exams/exam2-s18-sol.pdf,4,0,0.0,1.0
261,high_school_biology,https://quizlet.com/416582654/biology-praxis-practice-flash-cards/,4,0,0.0,1.0
262,computer_security,https://quizlet.com/kz/802275783/project-3-quiz-week-5-quiz-week-6-quiz-course-2-flash-cards/,4,0,0.0,1.0
263,computer_security,https://css.csail.mit.edu/6.858/2015/quiz/q15-2-sol.pdf,4,0,0.0,1.0
264,college_medicine,https://global.oup.com/uk/orc/biosciences/biochem/gleeson2e/01student/mcqs/ch05/,4,0,0.0,1.0
265,college_medicine,https://global.oup.com/uk/orc/biosciences/biochem/gleeson2e/01student/mcqs/ch01/,4,0,0.0,1.0
266,clinical_knowledge,https://global.oup.com/uk/orc/medicine/cox/01student/mcqs/ch08/?view=standard,4,0,0.0,1.0
267,clinical_knowledge,https://global.oup.com/uk/orc/biosciences/biochem/gleeson2e/01student/mcqs/ch07/?view=standard,4,0,0.0,1.0
268,clinical_knowledge,https://global.oup.com/uk/orc/biosciences/biochem/gleeson2e/01student/mcqs/ch05/?view=standard,4,0,0.0,1.0
269,clinical_knowledge,https://global.oup.com/uk/orc/biosciences/biochem/gleeson2e/01student/mcqs/ch02/?view=standard,4,0,0.0,1.0
270,anatomy,https://global.oup.com/uk/orc/dentistry/atkinson/student/mcqs/ch32/,4,0,0.0,1.0
271,anatomy,https://global.oup.com/uk/orc/dentistry/atkinson/student/mcqs/ch24/,4,0,0.0,1.0
272,anatomy,https://global.oup.com/uk/orc/dentistry/atkinson/student/mcqs/ch23/,4,0,0.0,1.0
273,anatomy,https://global.oup.com/uk/orc/dentistry/atkinson/student/mcqs/ch03/,4,0,0.0,1.0
274,sociology,https://global.oup.com/uk/orc/sociology/fulcher4e/01student/mcqs/ch20,3,0,0.0,1.0
275,sociology,https://global.oup.com/uk/orc/sociology/fulcher4e/01student/mcqs/ch18,3,0,0.0,1.0
276,sociology,https://global.oup.com/uk/orc/sociology/fulcher4e/01student/mcqs/ch13,3,0,0.0,1.0
277,sociology,https://global.oup.com/uk/orc/sociology/fulcher4e/01student/mcqs/ch08,3,0,0.0,1.0
278,security_studies,https://learninglink.oup.com/access/content/collins6e-student-resources/collins6e-chapter-10-self-test-questions,3,0,0.0,1.0
279,security_studies,https://learninglink-oup-com.libproxy.ucl.ac.uk/access/content/collins6e-student-resources/collins6e-chapter-9-self-test,3,0,0.0,1.0
280,security_studies,https://learninglink-oup-com.libproxy.ucl.ac.uk/access/content/collins6e-student-resources/collins6e-chapter-8-self-test,3,0,0.0,1.0
281,security_studies,https://learninglink-oup-com.libproxy.ucl.ac.uk/access/content/collins6e-student-resources/collins6e-chapter-7-self-test,3,0,0.0,1.0
282,security_studies,https://learninglink-oup-com.libproxy.ucl.ac.uk/access/content/collins6e-student-resources/collins6e-chapter-3-self-test,3,0,0.0,1.0
283,security_studies,https://learninglink-oup-com.libproxy.ucl.ac.uk/access/content/collins6e-student-resources/collins6e-chapter-17-self-tes,3,0,0.0,1.0
284,public_relations,easy to personally answer,3,0,0.0,1.0
285,professional_medicine,http://dromersenturk.com/down/ornek_sorular/usmle-step-1.pdf,3,0,0.0,1.0
286,professional_accounting,https://quizlet.com/436607000/far-questions-flash-cards/,3,0,0.0,1.0
287,prehistory,https://global.oup.com/us/companion.websites/9780190275853/resources/ch9/quiz/,3,0,0.0,1.0
288,philosophy,https://global.oup.com/us/companion.websites/9780190209803/stud/p1/plato/mcq/,3,0,0.0,1.0
289,philosophy,https://global.oup.com/us/companion.websites/9780190209803/stud/p1/immanuel_kant/mcq/,3,0,0.0,1.0
290,philosophy,https://global.oup.com/us/companion.websites/9780190209803/stud/p1/david_hume/mcq/,3,0,0.0,1.0
291,philosophy,https://global.oup.com/us/companion.websites/9780190209803/stud/p1/augustine/mcq/,3,0,0.0,1.0
292,philosophy,https://global.oup.com/us/companion.websites/9780190207038/stu_res/ch7/lev2/mcq/,3,0,0.0,1.0
293,philosophy,https://global.oup.com/us/companion.websites/9780190207038/stu_res/ch7/lev1/mcq/,3,0,0.0,1.0
294,philosophy,https://global.oup.com/us/companion.websites/9780190207038/stu_res/ch2/lev1/mcq/,3,0,0.0,1.0
295,nutrition,https://global.oup.com/uk/orc/health/geissler13e/student/mcqs/ch29/,3,0,0.0,1.0
296,nutrition,https://global.oup.com/uk/orc/health/geissler13e/student/mcqs/ch28/,3,0,0.0,1.0
297,nutrition,https://global.oup.com/uk/orc/health/geissler13e/student/mcqs/ch15/,3,0,0.0,1.0
298,nutrition,https://global.oup.com/uk/orc/health/geissler13e/student/mcqs/ch12/,3,0,0.0,1.0
299,marketing,"marketing, third edition",3,0,0.0,1.0
300,machine_learning,https://www.cs.cmu.edu/~aarti/class/10701/exams/midterm2008s-solution.pdf,3,0,0.0,1.0
301,machine_learning,https://people.eecs.berkeley.edu/~jrs/189/exam/finalf15.pdf,3,0,0.0,1.0
302,human_aging,https://s3-eu-west-1.amazonaws.com/s3-euw1-ap-pe-ws4-cws-documents.ri-prod/9780205544011/chapter%2013%20multiple%20choic,3,0,0.0,1.0
303,high_school_psychology,https://quizlet.com/609463585/praxis-practice-questions-flash-cards/,3,0,0.0,1.0
304,computer_security,https://www.sanfoundry.com/cyber-security-questions-answers-buffer-overflow-1/#google_vignette,3,0,0.0,1.0
305,computer_security,https://css.csail.mit.edu/6.858/2017/quiz/q17-2-sol.pdf,3,0,0.0,1.0
306,clinical_knowledge,https://global.oup.com/uk/orc/nursing/endacott/01student/quizzes/ch10/06stoma/?view=standard,3,0,0.0,1.0
307,clinical_knowledge,https://global.oup.com/uk/orc/nursing/endacott/01student/quizzes/ch08/04pain/?view=standard,3,0,0.0,1.0
308,clinical_knowledge,https://global.oup.com/uk/orc/nursing/endacott/01student/quizzes/ch07/05tracheostomy/?view=standard,3,0,0.0,1.0
309,clinical_knowledge,https://global.oup.com/uk/orc/nursing/endacott/01student/quizzes/ch04/07wound/?view=standard,3,0,0.0,1.0
310,clinical_knowledge,https://global.oup.com/uk/orc/nursing/endacott/01student/quizzes/ch04/04mouth/?view=standard,3,0,0.0,1.0
311,clinical_knowledge,https://global.oup.com/uk/orc/medicine/cox/01student/mcqs/ch14/?view=standard,3,0,0.0,1.0
312,clinical_knowledge,https://global.oup.com/uk/orc/biosciences/biochem/gleeson2e/01student/mcqs/ch01/?view=standard,3,0,0.0,1.0
313,anatomy,https://global.oup.com/uk/orc/dentistry/atkinson/student/mcqs/ch28/,3,0,0.0,1.0
314,anatomy,https://global.oup.com/uk/orc/dentistry/atkinson/student/mcqs/ch22/,3,0,0.0,1.0
315,anatomy,https://global.oup.com/uk/orc/dentistry/atkinson/student/mcqs/ch16/,3,0,0.0,1.0
316,anatomy,https://global.oup.com/uk/orc/dentistry/atkinson/student/mcqs/ch10/,3,0,0.0,1.0
317,anatomy,https://global.oup.com/uk/orc/dentistry/atkinson/student/mcqs/ch08/,3,0,0.0,1.0
318,abstract_algebra,https://math.stackexchange.com/questions/2528422/find-value-of-c-in-mathbbz-3-such-that-mathbbz-3x-x3x2c-be-a-fi,3,0,0.0,1.0
319,world_religions,https://learninglink.oup.com/access/content/amore4e-student-resources/amore4e-chapter-11-self-quiz,2,0,0.0,1.0
320,security_studies,https://learninglink.oup.com/access/content/collins6e-student-resources/collins6e-chapter-20-self-test-questions,2,0,0.0,1.0
321,security_studies,https://learninglink.oup.com/access/content/collins6e-student-resources/collins6e-chapter-2-self-test-questions,2,0,0.0,1.0
322,security_studies,https://learninglink.oup.com/access/content/collins6e-student-resources/collins6e-chapter-19-self-test-questions,2,0,0.0,1.0
323,security_studies,https://learninglink.oup.com/access/content/collins6e-student-resources/collins6e-chapter-11-self-test-questions,2,0,0.0,1.0
324,security_studies,https://learninglink-oup-com.libproxy.ucl.ac.uk/access/content/collins6e-student-resources/collins6e-chapter-25-self-tes,2,0,0.0,1.0
325,public_relations,https://en.wikipedia.org/wiki/bbc,2,0,0.0,1.0
326,public_relations,https://assets.ctfassets.net/ra4li8iwuk7u/6nrsr4pnbdg44atufdwze/d1e4bf9b63e1ce9a20f2d8ef30db7d3b/jaques_embedding_issue_,2,0,0.0,1.0
327,professional_psychology,https://www.brainscape.com/flashcards/ld-weekend-8122586/packs/13297756,2,0,0.0,1.0
328,professional_psychology,https://quizlet.com/725423271/eppp-part-2-flash-cards/,2,0,0.0,1.0
329,professional_psychology,https://books.google.co.uk/books?id=skqyagaaqbaj,2,0,0.0,1.0
330,professional_accounting,https://www.another71.com/lpc/cpa-exam-questions/,2,0,0.0,1.0
331,professional_accounting,https://quizlet.com/502556777/review-audit-topic-7-12-flash-cards/,2,0,0.0,1.0
332,professional_accounting,https://quizlet.com/438604284/bec-flash-cards/,2,0,0.0,1.0
333,philosophy,https://quizlet.com/179007515/ch-9-ethics-butlerfifteen-sermons-mult-choice-and-tf-flash-cards/,2,0,0.0,1.0
334,philosophy,https://people.tamu.edu/~sdaniel/quest2.html,2,0,0.0,1.0
335,philosophy,https://people.tamu.edu/~sdaniel/quesphil.html,2,0,0.0,1.0
336,philosophy,https://global.oup.com/us/companion.websites/9780199765225/student/chapter7/quizzes/mcquiz/,2,0,0.0,1.0
337,philosophy,https://global.oup.com/us/companion.websites/9780190491000/stu/part9/thomas/mcq/,2,0,0.0,1.0
338,philosophy,https://global.oup.com/us/companion.websites/9780190491000/stu/part5/thomas/mcq/,2,0,0.0,1.0
339,philosophy,https://global.oup.com/us/companion.websites/9780190209803/stud/p2/moore/mcq/,2,0,0.0,1.0
340,philosophy,https://global.oup.com/us/companion.websites/9780190209803/stud/p2/hare/mcq/,2,0,0.0,1.0
341,philosophy,https://global.oup.com/us/companion.websites/9780190209803/stud/p1/thomas_hobbes/mcq/,2,0,0.0,1.0
342,philosophy,https://global.oup.com/us/companion.websites/9780190207038/stu_res/ch6/lev1/mcq/,2,0,0.0,1.0
343,philosophy,https://global.oup.com/us/companion.websites/9780190207038/stu_res/ch1/lev1/mcq/,2,0,0.0,1.0
344,nutrition,https://global.oup.com/uk/orc/health/geissler13e/student/mcqs/ch27/,2,0,0.0,1.0
345,nutrition,https://global.oup.com/uk/orc/health/geissler13e/student/mcqs/ch26/,2,0,0.0,1.0
346,nutrition,https://global.oup.com/uk/orc/health/geissler13e/student/mcqs/ch24/,2,0,0.0,1.0
347,nutrition,https://global.oup.com/uk/orc/health/geissler13e/student/mcqs/ch23/,2,0,0.0,1.0
348,nutrition,https://global.oup.com/uk/orc/health/geissler13e/student/mcqs/ch17/,2,0,0.0,1.0
349,nutrition,https://global.oup.com/uk/orc/health/geissler13e/student/mcqs/ch16/,2,0,0.0,1.0
350,nutrition,https://global.oup.com/uk/orc/health/geissler13e/student/mcqs/ch14/,2,0,0.0,1.0
351,nutrition,https://global.oup.com/uk/orc/health/geissler13e/student/mcqs/ch11/,2,0,0.0,1.0
352,nutrition,https://global.oup.com/uk/orc/health/geissler13e/student/mcqs/ch02/,2,0,0.0,1.0
353,machine_learning,https://www.exploredatabase.com/2020/05/machine-learning-multiple-choice-questions-set-01.html,2,0,0.0,1.0
354,machine_learning,https://www.cs.cmu.edu/~tom/10601_fall2012/exams/midterm_solutions.pdf,2,0,0.0,1.0
355,machine_learning,https://www.cs.cmu.edu/~aarti/class/10701/exams/final2006-solution.pdf,2,0,0.0,1.0
356,machine_learning,https://www.cs.cmu.edu/~aarti/class/10701/exams/final2004-solution.pdf,2,0,0.0,1.0
357,high_school_physics,https://www.cracksat.net/sat2/physics/question-251-answer-and-explanation.html,2,0,0.0,1.0
358,high_school_microeconomics,https://www.crackap.com/ap/microeconomics/test38.html,2,0,0.0,1.0
359,high_school_microeconomics,https://www.crackap.com/ap/microeconomics/test11.html,2,0,0.0,1.0
360,high_school_macroeconomics,https://www.crackap.com/ap/macroeconomics/test35.html,2,0,0.0,1.0
361,high_school_macroeconomics,https://www.crackap.com/ap/macroeconomics/test17.html,2,0,0.0,1.0
362,high_school_government_and_politics,https://quizlet.com/254801188/ap-government-4-flash-cards/,2,0,0.0,1.0
363,high_school_biology,https://www.easynotecards.com/notecard_set/88453,2,0,0.0,1.0
364,high_school_biology,https://quizlet.com/742029883/biology-seminar-test-flash-cards/,2,0,0.0,1.0
365,global_facts,https://www.studocu.com/row/document/yangon-university/economic-development/exam-1-14-october-2010-questions/5391201,2,0,0.0,1.0
366,global_facts,https://www.pewresearch.org/short-reads/2020/05/01/5-charts-on-views-of-press-freedom-around-the-world/,2,0,0.0,1.0
367,global_facts,https://www.pewresearch.org/religion/2020/07/20/the-global-god-divide/,2,0,0.0,1.0
368,global_facts,https://www.pewresearch.org/race-and-ethnicity/2020/06/16/attitudes-toward-diversity-in-11-emerging-economies/#fnref-284,2,0,0.0,1.0
369,global_facts,https://www.pewresearch.org/global/2020/06/25/global-divide-on-homosexuality-persists/,2,0,0.0,1.0
370,global_facts,https://ourworldindata.org/grapher/share-of-people-who-think-political-parties-are-very-corrupt,2,0,0.0,1.0
371,global_facts,https://ourworldindata.org/grapher/share-of-children-ages-13-15-who-report-being-bullied,2,0,0.0,1.0
372,global_facts,https://ourworldindata.org/grapher/children-age-8-who-report-physical-punishment-by-teachers,2,0,0.0,1.0
373,global_facts,https://ourworldindata.org/corruption --,2,0,0.0,1.0
374,conceptual_physics,https://www.toppr.com/ask/en-gb/question/when-an-alphaparticle-is-ejected-the-atomic-number-of-the-atom-decreases-by/,2,0,0.0,1.0
375,computer_security,https://www.copamcq.com/cyber-security,2,0,0.0,1.0
376,computer_security,https://msit.edu.in/assets/img/tib/otherfiles/cs_801d.pdf,2,0,0.0,1.0
377,computer_security,https://css.csail.mit.edu/6.858/2018/quiz/q18-2-sol.pdf,2,0,0.0,1.0
378,computer_security,https://css.csail.mit.edu/6.858/2014/quiz/q14-1-sol.pdf,2,0,0.0,1.0
379,computer_security,https://compsciedu.com/mcq-questions/cyber-security/network-models-and-security/2,2,0,0.0,1.0
380,college_physics,2017 gre physics exam (gr1777 #86),2,0,0.0,1.0
381,college_physics,2017 gre physics exam (gr1777 #85),2,0,0.0,1.0
382,college_physics,2017 gre physics exam (gr1777 #81),2,0,0.0,1.0
383,college_physics,2017 gre physics exam (gr1777 #75),2,0,0.0,1.0
384,college_physics,2017 gre physics exam (gr1777 #7),2,0,0.0,1.0
385,college_physics,2017 gre physics exam (gr1777 #69),2,0,0.0,1.0
386,college_physics,2017 gre physics exam (gr1777 #64),2,0,0.0,1.0
387,college_physics,2017 gre physics exam (gr1777 #61),2,0,0.0,1.0
388,college_physics,2017 gre physics exam (gr1777 #5),2,0,0.0,1.0
389,college_physics,2017 gre physics exam (gr1777 #48),2,0,0.0,1.0
390,college_physics,2017 gre physics exam (gr1777 #41),2,0,0.0,1.0
391,college_physics,2017 gre physics exam (gr1777 #34),2,0,0.0,1.0
392,college_physics,2017 gre physics exam (gr1777 #33),2,0,0.0,1.0
393,college_physics,2017 gre physics exam (gr1777 #22),2,0,0.0,1.0
394,college_physics,2017 gre physics exam (gr1777 #19),2,0,0.0,1.0
395,college_physics,2017 gre physics exam (gr1777 #15),2,0,0.0,1.0
396,college_physics,2017 gre physics exam (gr1777 #12),2,0,0.0,1.0
397,college_physics,2017 gre physics exam (gr1777 #10),2,0,0.0,1.0
398,college_medicine,https://quizlet.com/786539221/mcat-study-flash-cards/,2,0,0.0,1.0
399,college_medicine,https://quizlet.com/519725932/psychological-social-and-biological-foundations-1-flash-cards/,2,0,0.0,1.0
400,clinical_knowledge,https://global.oup.com/uk/orc/nursing/endacott/01student/quizzes/ch09/01insertion/?view=standard,2,0,0.0,1.0
401,clinical_knowledge,https://global.oup.com/uk/orc/nursing/endacott/01student/quizzes/ch07/03pefr/?view=standard,2,0,0.0,1.0
402,clinical_knowledge,https://global.oup.com/uk/orc/nursing/endacott/01student/quizzes/ch07/01visual/?view=standard,2,0,0.0,1.0
403,clinical_knowledge,https://global.oup.com/uk/orc/nursing/endacott/01student/quizzes/ch06/11intravenous/?view=standard,2,0,0.0,1.0
404,clinical_knowledge,https://global.oup.com/uk/orc/nursing/endacott/01student/quizzes/ch06/09cpr/?view=standard,2,0,0.0,1.0
405,clinical_knowledge,https://global.oup.com/uk/orc/nursing/endacott/01student/quizzes/ch06/02pulse/?view=standard,2,0,0.0,1.0
406,clinical_knowledge,https://global.oup.com/uk/orc/nursing/endacott/01student/quizzes/ch04/02skin/?view=standard,2,0,0.0,1.0
407,clinical_knowledge,https://global.oup.com/uk/orc/medicine/cox/01student/mcqs/ch13/?view=standard,2,0,0.0,1.0
408,clinical_knowledge,https://global.oup.com/uk/orc/medicine/cox/01student/mcqs/ch12/?view=standard,2,0,0.0,1.0
409,clinical_knowledge,https://global.oup.com/uk/orc/medicine/cox/01student/mcqs/ch10/?view=standard,2,0,0.0,1.0
410,clinical_knowledge,https://global.oup.com/uk/orc/medicine/cox/01student/mcqs/ch09/?view=standard,2,0,0.0,1.0
411,clinical_knowledge,https://global.oup.com/uk/orc/medicine/cox/01student/mcqs/ch07/?view=standard,2,0,0.0,1.0
412,clinical_knowledge,https://global.oup.com/uk/orc/medicine/cox/01student/mcqs/ch06/?view=standard,2,0,0.0,1.0
413,clinical_knowledge,https://global.oup.com/uk/orc/medicine/cox/01student/mcqs/ch05/?view=standard,2,0,0.0,1.0
414,clinical_knowledge,https://global.oup.com/uk/orc/medicine/cox/01student/mcqs/ch04/?view=standard,2,0,0.0,1.0
415,anatomy,https://global.oup.com/uk/orc/dentistry/atkinson/student/mcqs/ch29/,2,0,0.0,1.0
416,anatomy,https://global.oup.com/uk/orc/dentistry/atkinson/student/mcqs/ch27/,2,0,0.0,1.0
417,anatomy,https://global.oup.com/uk/orc/dentistry/atkinson/student/mcqs/ch15/,2,0,0.0,1.0
418,anatomy,https://global.oup.com/uk/orc/dentistry/atkinson/student/mcqs/ch12/,2,0,0.0,1.0
419,anatomy,https://global.oup.com/uk/orc/dentistry/atkinson/student/mcqs/ch11/,2,0,0.0,1.0
420,anatomy,https://global.oup.com/uk/orc/dentistry/atkinson/student/mcqs/ch04/,2,0,0.0,1.0
421,abstract_algebra,"sqrt(2)sqrt(3)=sqrt(6), which creates an irreducible polynomial by eisensteins criterion. and the associated polynomial ",2,0,0.0,1.0
422,abstract_algebra,1: true https://en.m.wikipedia.org/wiki/finitely_generated_abelian_group#:~:text=every%20subgroup%20and%20factor%20group,2,0,0.0,1.0
423,abstract_algebra,1: https://proofwiki.org/wiki/integral_domain_with_characteristic_zero 2: https://math.stackexchange.com/questions/27305,2,0,0.0,1.0
424,abstract_algebra,"0 is wrong (not antisymmetric), 1 holds (number of pairs is 3 * 2, each can be included or not, so 2^6=64), 2: reflexivi",2,0,0.0,1.0
425,virology,quizlet virology,1,0,0.0,1.0
426,us_foreign_policy,https://www.sparknotes.com/us-government-and-politics/american-government/american-political-culture/quiz/,1,0,0.0,1.0
427,us_foreign_policy,https://www.armscontrol.org/factsheets/strategic-offensive-reductions-treaty-sort-glance,1,0,0.0,1.0
428,us_foreign_policy,https://main.un.org/securitycouncil/en/about_test1,1,0,0.0,1.0
429,us_foreign_policy,https://imprimis.hillsdale.edu/american-unilateralism/,1,0,0.0,1.0
430,us_foreign_policy,https://en.wikipedia.org/wiki/director_of_national_intelligence,1,0,0.0,1.0
431,sociology,https://www.socialcapitalresearch.com/informal-sanctions,1,0,0.0,1.0
432,sociology,https://www.scribbr.co.uk/bias-in-research/response-bias-explained,1,0,0.0,1.0
433,sociology,https://www.ncbi.nlm.nih.gov/pmc/articles/pmc4548291/,1,0,0.0,1.0
434,sociology,https://www.frontiersin.org/journals/psychology/articles/10.3389/fpsyg.2021.618250/full,1,0,0.0,1.0
435,sociology,https://www.cliffsnotes.com/study-guides/sociology/social-change-and-movements/models-of-social-change,1,0,0.0,1.0
436,sociology,https://study.com/learn/lesson/emile-durkheim-theory-functionalism.html,1,0,0.0,1.0
437,sociology,https://socialsci.libretexts.org/bookshelves/early_childhood_education/child_family_and_community_(laff_and_ruiz)/02%3a_,1,0,0.0,1.0
438,sociology,https://research.utoronto.ca/participant-observation,1,0,0.0,1.0
439,sociology,https://openstax.org/books/introduction-sociology-3e/pages/1-2-the-history-of-sociology,1,0,0.0,1.0
440,sociology,https://open.lib.umn.edu/sociology/chapter/6-1-social-groups,1,0,0.0,1.0
441,sociology,https://onlinelibrary.wiley.com/doi/pdf/10.1002/9780470674871.wbespm432,1,0,0.0,1.0
442,sociology,https://en.wikipedia.org/wiki/nuclear_family,1,0,0.0,1.0
443,sociology,https://en.wikipedia.org/wiki/gentrification,1,0,0.0,1.0
444,sociology,https://en.wikipedia.org/wiki/acculturation,1,0,0.0,1.0
445,sociology,https://courses.lumenlearning.com/wm-introductiontosociology/chapter/social-mobility,1,0,0.0,1.0
446,security_studies,https://stlawrencehighschool.edu.in/uploads/onlineclass/6655d7379aee034560f554770d191ee9.pdf,1,0,0.0,1.0
447,security_studies,https://learninglink.oup.com/access/content/collins6e-student-resources/collins6e-chapter-6-self-test-questions,1,0,0.0,1.0
448,security_studies,https://learninglink.oup.com/access/content/collins6e-student-resources/collins6e-chapter-5-self-test-questions,1,0,0.0,1.0
449,security_studies,https://learninglink-oup-com.libproxy.ucl.ac.uk/access/content/collins6e-student-resources/collins6e-chapter-23-self-tes,1,0,0.0,1.0
450,public_relations,https://www.rentapr.ch/en/blog/public-relations-and-public-affairs-if-professionally-done-a-benefit-for-every-organisati,1,0,0.0,1.0
451,public_relations,"https://www.investopedia.com/terms/g/guerrilla-marketing.asp#:~:text=viral%20or%20buzz,friends%2c%20or%20family.",1,0,0.0,1.0
452,public_relations,https://www.in.kpmg.com/securedata/aci/files/sustcorporateresponsibilityreportingsurvey2008.pdf,1,0,0.0,1.0
453,public_relations,https://www.agilitypr.com/resources/pr-glossary/publicity-tools-and-techniques/#:~:text=media%20tour%20%e2%80%93%20a%20c,1,0,0.0,1.0
454,public_relations,https://www.999inks.co.uk/british-newspaper-history.html#:~:text=the%20first%20true%20newspaper%20published%20in%20brita,1,0,0.0,1.0
455,public_relations,https://userpilot.com/blog/type-of-survey-questions/#:~:text=open%2dended%20survey%20questions%20bring%20in%20qualitativ,1,0,0.0,1.0
456,public_relations,https://pumble.com/learn/communication/communication-models/#:~:text=the%20osgood%2dschramm%20model%20is%20a%20circular%,1,0,0.0,1.0
457,public_relations,https://phrasee.co/news/a-brief-history-of-email/#:~:text=it%20was%201971%20when%20ray%20tomlinson%20invented%20and%20de,1,0,0.0,1.0
458,public_relations,https://edgeoptic.com/global-internet-traffic-growth-forecast-looking-forward-from-2024/,1,0,0.0,1.0
459,public_relations,https://accreditation.prsa.org/aprdemo/htmldemo/item_11_ans.htm,1,0,0.0,1.0
460,professional_psychology,https://www.simplypsychology.org/classical-conditioning.html,1,0,0.0,1.0
461,professional_psychology,https://www.psychologytoday.com/gb/basics/bystander-effect,1,0,0.0,1.0
462,professional_psychology,https://www.ncbi.nlm.nih.gov/pmc/articles/pmc9995932,1,0,0.0,1.0
463,professional_psychology,https://www.goodtherapy.org/learn-about-therapy/types/feminist-therapy,1,0,0.0,1.0
464,professional_psychology,https://www.cram.com/flashcards/my-flashcard-questions-268165,1,0,0.0,1.0
465,professional_psychology,https://www.cram.com/flashcards/items-from-previous-examinations-326976,1,0,0.0,1.0
466,professional_psychology,https://www.cram.com/flashcards/eppp-ethics-724571,1,0,0.0,1.0
467,professional_psychology,https://www.brainscape.com/flashcards/tm-questions-2159636/packs/908453,1,0,0.0,1.0
468,professional_psychology,https://www.brainscape.com/flashcards/psychological-assessment-domain-quiz-10293032/packs/18179764,1,0,0.0,1.0
469,professional_psychology,https://www.brainscape.com/flashcards/ethics-and-professional-issues-6564682/packs/10395061,1,0,0.0,1.0
470,professional_psychology,https://quizlet.com/729523092/assessment-exam-eppp-industrial-organizational-psychology-flash-cards/,1,0,0.0,1.0
471,professional_psychology,https://quizlet.com/66992773/scl-flash-cards/,1,0,0.0,1.0
472,professional_psychology,https://quizlet.com/607259770/practice-tests-old-hard-questions-flash-cards/,1,0,0.0,1.0
473,professional_psychology,https://quizlet.com/593047590/learning-theory-domain-set-flash-cards/,1,0,0.0,1.0
474,professional_psychology,https://quizlet.com/576610473/ethics-eppp-practice-questions-flash-cards/,1,0,0.0,1.0
475,professional_psychology,https://pdfcoffee.com/eppp-fundamentals-moore-bret-klee-anne-pdf-free.html,1,0,0.0,1.0
476,professional_psychology,https://my.clevelandclinic.org/health/articles/24568-acetylcholine-ach,1,0,0.0,1.0
477,professional_psychology,https://link.springer.com/referenceworkentry/10.1007/978-1-4419-1695-2_31,1,0,0.0,1.0
478,professional_psychology,https://link.springer.com/chapter/10.1007/978-3-030-02992-0_1,1,0,0.0,1.0
479,professional_psychology,https://en.wikipedia.org/wiki/magical_thinking,1,0,0.0,1.0
480,professional_psychology,https://en.wikipedia.org/wiki/focal_and_diffuse_brain_injury,1,0,0.0,1.0
481,professional_psychology,https://cadienttalent.com/resources/understanding-and-avoiding-adverse-impact/#:~:text=the%20standard%20for%20determinin,1,0,0.0,1.0
482,professional_medicine,https://www.ncbi.nlm.nih.gov/pmc/articles/pmc3140333/,1,0,0.0,1.0
483,professional_medicine,https://www.ncbi.nlm.nih.gov/books/nbk564403,1,0,0.0,1.0
484,professional_medicine,https://www.nationwidechildrens.org/conditions/hydrocele,1,0,0.0,1.0
485,professional_medicine,https://www.mayoclinic.org/diseases-conditions/mammary-duct-ectasia/symptoms-causes/syc-20374801,1,0,0.0,1.0
486,professional_medicine,https://www.mayoclinic.org/diseases-conditions/diphtheria/symptoms-causes/syc-20351897,1,0,0.0,1.0
487,professional_medicine,https://www.fsmb.org/siteassets/spex/pdfs/spex-practice-test.pdf,1,0,0.0,1.0
488,professional_medicine,https://www.cdc.gov/vaccines/hcp/vis/vis-statements/dtap.html,1,0,0.0,1.0
489,professional_medicine,https://web.archive.org/web/20180619095239/http://www.usmle.org/pdfs/step-2-ck/step2ck_sampleitems.pdf,1,0,0.0,1.0
490,professional_medicine,https://quizlet.com/731448685/ch-31-assessment-of-cardiovascular-system-med-surg-nursing-flash-cards/,1,0,0.0,1.0
491,professional_medicine,https://jcesom.marshall.edu/media/41664/usmle_outlines_step3.pdf,1,0,0.0,1.0
492,professional_law,https://www.brainscape.com/flashcards/kaplan-conlaw-7950015/packs/13176586,1,0,0.0,1.0
493,professional_law,https://www.brainscape.com/flashcards/7950022/packs/13176586,1,0,0.0,1.0
494,professional_law,https://www.brainscape.com/flashcards/7950015/packs/13176586,1,0,0.0,1.0
495,professional_accounting,https://www.varsitytutors.com/cpa_regulation_reg-help/taxation-of-gifts,1,0,0.0,1.0
496,professional_accounting,https://www.varsitytutors.com/cpa_regulation_reg-help/special-issues-in-taxation-of-organizations,1,0,0.0,1.0
497,professional_accounting,https://www.varsitytutors.com/cpa_regulation_reg-help/shareholder-partnership-basis,1,0,0.0,1.0
498,professional_accounting,https://www.varsitytutors.com/cpa_regulation_reg-help/distributable-net-income https://www.reddit.com/r/accounting/comme,1,0,0.0,1.0
499,professional_accounting,https://www.varsitytutors.com/cpa_regulation_reg-help/alternative-minimum-tax,1,0,0.0,1.0
500,professional_accounting,https://www.reddit.com/r/cpa/comments/ds90nf/bec_can_someone_help_me_with_this_problem/,1,0,0.0,1.0
501,professional_accounting,https://www.reddit.com/r/cpa/comments/dg7tto/basis_question_reg/,1,0,0.0,1.0
502,professional_accounting,https://www.reddit.com/r/accounting/comments/b7cbc3/reg_gift_question_cpa/,1,0,0.0,1.0
503,professional_accounting,https://www.reddit.com/r/accounting/comments/86qlq7/accrual_accounting_far_question_need_help/,1,0,0.0,1.0
504,professional_accounting,https://www.gaodun.com/q/f06j6h,1,0,0.0,1.0
505,professional_accounting,https://www.gaodun.com/q/e06bwg,1,0,0.0,1.0
506,professional_accounting,https://www.gaodun.com/q/e06b58,1,0,0.0,1.0
507,professional_accounting,https://www.gaodun.com/q/d06j7q,1,0,0.0,1.0
508,professional_accounting,https://www.gaodun.com/q/d06bbg,1,0,0.0,1.0
509,professional_accounting,https://www.gaodun.com/q/c06j5e,1,0,0.0,1.0
510,professional_accounting,https://www.gaodun.com/q/b06bok,1,0,0.0,1.0
511,professional_accounting,https://www.gaodun.com/q/a06dpa,1,0,0.0,1.0
512,professional_accounting,https://www.gaodun.com/q/906d5e,1,0,0.0,1.0
513,professional_accounting,https://www.gaodun.com/q/806clf,1,0,0.0,1.0
514,professional_accounting,"https://www.gaodun.com/q/806c57#:~:text=no%20contract%20was%20formed%20because%20the,to%20state%20an%20expiration%20date",1,0,0.0,1.0
515,professional_accounting,https://www.gaodun.com/q/706d1f,1,0,0.0,1.0
516,professional_accounting,https://www.gaodun.com/q/706cj2 and https://forum.another71.com/forum/welcome-cpa-exam-forum/the-forum/topic/audit-opini,1,0,0.0,1.0
517,professional_accounting,https://www.gaodun.com/q/706b2m,1,0,0.0,1.0
518,professional_accounting,https://www.gaodun.com/q/506j5r,1,0,0.0,1.0
519,professional_accounting,https://www.gaodun.com/q/506j4a,1,0,0.0,1.0
520,professional_accounting,"https://www.gaodun.com/q/506ckd , gpt-4 agrees, also at https://www.coursehero.com/file/p3rjf78/choice-d-is-incorrect-st",1,0,0.0,1.0
521,professional_accounting,https://www.gaodun.com/q/406bz4,1,0,0.0,1.0
522,professional_accounting,"https://www.gaodun.com/q/306bsf#:~:text=generally%2c%20this%20is%20a%20nontaxable,this%20is%20an%20s%20corporation",1,0,0.0,1.0
523,professional_accounting,https://www.gaodun.com/q/306axj,1,0,0.0,1.0
524,professional_accounting,"https://www.gaodun.com/q/206c6u#:~:text=choice%20%22c%22%20is%20correct.,choice%20%22a%22%20is%20incorrect.",1,0,0.0,1.0
525,professional_accounting,https://www.gaodun.com/q/200pzb,1,0,0.0,1.0
526,professional_accounting,https://www.fasb.org/standards/accounting-standard-updates,1,0,0.0,1.0
527,professional_accounting,https://www.coursehero.com/file/puvjs9m/which-of-the-following-factors-most-likely-would-cause-an-accountant-not-to/,1,0,0.0,1.0
528,professional_accounting,https://www.coursehero.com/file/ptjur6/which-of-the-following-factors-should-an-external-auditor-obtain-updated/#:~:text,1,0,0.0,1.0
529,professional_accounting,https://www.coursehero.com/file/p4s8ilh/large-city-does-not-use-the-modified-approach-to-account-for-roads-at-the/,1,0,0.0,1.0
530,professional_accounting,https://www.chegg.com/homework-help/questions-and-answers/greene-sole-shareholder-seagull-calendar-year-s-corporation-gr,1,0,0.0,1.0
531,professional_accounting,https://www.brainscape.com/flashcards/auditing-part-2-3320752/packs/5219768,1,0,0.0,1.0
532,professional_accounting,https://www.brainscape.com/flashcards/aud-15-quality-control-9304108/packs/16394918,1,0,0.0,1.0
533,professional_accounting,"https://www.brainscape.com/flashcards/36-7419157/packs/12103580#:~:text=which%20of%20the%20following%20characteristics,i",1,0,0.0,1.0
534,professional_accounting,https://www.brainscape.com/flashcards/1819-7454645/packs/12130364,1,0,0.0,1.0
535,professional_accounting,https://www.brainscape.com/flashcards/165-7572812/packs/12462729,1,0,0.0,1.0
536,professional_accounting,https://www.bnncpa.com/resources/tax-basis-financial-statements-may-be-right-for-your-business/,1,0,0.0,1.0
537,professional_accounting,"https://web.utk.edu/~jwachowi/mcquiz/mc23.html#:~:text=suppose%20that%20the%20market%20price,667",1,0,0.0,1.0
538,professional_accounting,https://web.utk.edu/~jwachowi/mcquiz/mc11.html,1,0,0.0,1.0
539,professional_accounting,"https://ustaxlaw.ca/us-tax-filing-deadlines-and-important-dates/#:~:text=form%20706%20is%20due%20within,with%20the%20irs",1,0,0.0,1.0
540,professional_accounting,https://specialties.bayt.com/en/specialties/q/185902/kanji-company-had-sales-last-year-of-265-million-including-cash-sal,1,0,0.0,1.0
541,professional_accounting,https://quizlet.com/837597123/5b-operations-management-cost-measurement-concepts-flash-cards/,1,0,0.0,1.0
542,professional_accounting,https://quizlet.com/759704516/f7-m4-earnings-per-share-flash-cards/,1,0,0.0,1.0
543,professional_accounting,https://quizlet.com/69551972/compilation-and-review-of-financial-statements-flash-cards/#:~:text=if%20requested%20to%20p,1,0,0.0,1.0
544,professional_accounting,https://quizlet.com/687296045/reg-19-pt-3-flash-cards/,1,0,0.0,1.0
545,professional_accounting,"https://quizlet.com/543198830/module-4-b-flash-cards/#:~:text=in%20selecting%20an%20appropriate%20sample,representation%",1,0,0.0,1.0
546,professional_accounting,https://quizlet.com/512357694/cpa-reg8-m6-study-summer-2020-flash-cards/,1,0,0.0,1.0
547,professional_accounting,https://quizlet.com/510940195/cpa-reg5-m4-study-summer-2020-flash-cards/,1,0,0.0,1.0
548,professional_accounting,https://quizlet.com/507102918/a6-pt-2-flash-cards/,1,0,0.0,1.0
549,professional_accounting,https://quizlet.com/496536607/cpa-audit-a6-flash-cards/,1,0,0.0,1.0
550,professional_accounting,https://quizlet.com/458928301/quiz-9-review-flash-cards/,1,0,0.0,1.0
551,professional_accounting,"https://quizlet.com/436607000/far-questions-flash-cards/#:~:text=in%20the%20statement%20of%20activities,category%20%22ch",1,0,0.0,1.0
552,professional_accounting,https://quizlet.com/233022919/financial-management-midterm-flash-cards/,1,0,0.0,1.0
553,professional_accounting,https://en.wikipedia.org/wiki/accrual https://en.wikipedia.org/wiki/accrual,1,0,0.0,1.0
554,professional_accounting,https://business.vic.gov.au/business-information/marketing-and-sales/increasing-sales-through-marketing/benchmark-your-b,1,0,0.0,1.0
555,professional_accounting,"https://brainly.com/question/44530993#:~:text=explanation%3a,logs%20that%20indicate%20failed%20transactions.",1,0,0.0,1.0
556,professional_accounting,https://brainly.com/question/40284719#:~:text=the%20most%20challenging%20internal%20control%20situation%20for%20an%20aud,1,0,0.0,1.0
557,professional_accounting,https://brainly.com/question/34205905,1,0,0.0,1.0
558,professional_accounting,https://brainly.com/question/31327119,1,0,0.0,1.0
559,professional_accounting,https://brainly.com/question/17245329,1,0,0.0,1.0
560,professional_accounting,https://brainly.com/question/14453105,1,0,0.0,1.0
561,professional_accounting,https://brainly.com/question/14259703,1,0,0.0,1.0
562,professional_accounting,couldn’t find source? but makes sense.,1,0,0.0,1.0
563,philosophy,https://quizlet.com/580824417/rawls-itpt-flash-cards/,1,0,0.0,1.0
564,philosophy,https://quizlet.com/460462237/ethics-unit-3-flash-cards/,1,0,0.0,1.0
565,philosophy,https://quizlet.com/456307549/phil-160-kantian-ethics-flash-cards/,1,0,0.0,1.0
566,philosophy,https://quizlet.com/249311307/ethics-321-final-exam-flash-cards/,1,0,0.0,1.0
567,philosophy,https://quizlet.com/179012919/ch-11-ethics-kant-groundwork-for-the-metaphysics-of-morals-flash-cards/,1,0,0.0,1.0
568,philosophy,https://quizlet.com/179004706/ch-7-ethics-aquinas-summa-contra-gentiles-mult-choice-and-tf-flash-cards/,1,0,0.0,1.0
569,philosophy,https://quizlet.com/178994126/ch-2-ethics-aristotle-nicomachean-ethics-multiple-choice-tf-flash-cards/,1,0,0.0,1.0
570,philosophy,https://quizlet.com/109167494/philosophy-final-flash-cards/,1,0,0.0,1.0
571,philosophy,https://quizlet.com/108802674/p140-midterm-mc-flash-cards/,1,0,0.0,1.0
572,philosophy,https://people.tamu.edu/~sdaniel/quest1.html,1,0,0.0,1.0
573,philosophy,https://global.oup.com/us/companion.websites/9780190491000/stu/part9/john/mcq/,1,0,0.0,1.0
574,philosophy,https://global.oup.com/us/companion.websites/9780190491000/stu/part8/ross/mcq/,1,0,0.0,1.0
575,philosophy,https://global.oup.com/us/companion.websites/9780190491000/stu/part7/jeremy/mcq/,1,0,0.0,1.0
576,philosophy,https://global.oup.com/us/companion.websites/9780190491000/stu/part14/moore/mcq/,1,0,0.0,1.0
577,philosophy,https://global.oup.com/us/companion.websites/9780190491000/stu/part13/peter/mcq/,1,0,0.0,1.0
578,philosophy,https://global.oup.com/us/companion.websites/9780190491000/stu/part10/aristotle/mcq/,1,0,0.0,1.0
579,philosophy,https://global.oup.com/us/companion.websites/9780190209803/stud/p2/thomas_nagel/mcq/,1,0,0.0,1.0
580,philosophy,https://global.oup.com/us/companion.websites/9780190209803/stud/p2/susan_wolf/mcq/,1,0,0.0,1.0
581,philosophy,https://global.oup.com/us/companion.websites/9780190209803/stud/p2/stevenson/mcq/,1,0,0.0,1.0
582,philosophy,https://global.oup.com/us/companion.websites/9780190209803/stud/p2/john_rawls/mcq/,1,0,0.0,1.0
583,philosophy,https://global.oup.com/us/companion.websites/9780190209803/stud/p2/david_gauthier/mcq/,1,0,0.0,1.0
584,philosophy,https://global.oup.com/us/companion.websites/9780190209803/stud/p1/joseph_butler/mcq/,1,0,0.0,1.0
585,philosophy,https://global.oup.com/us/companion.websites/9780190209803/stud/p1/john_stuart_mill/mcq/,1,0,0.0,1.0
586,philosophy,https://global.oup.com/us/companion.websites/9780190209803/stud/p1/epicurus/mcq/,1,0,0.0,1.0
587,philosophy,https://global.oup.com/us/companion.websites/9780190207038/stu_res/ch9/lev2/mcq/,1,0,0.0,1.0
588,philosophy,https://global.oup.com/us/companion.websites/9780190207038/stu_res/ch9/lev1/mcq/,1,0,0.0,1.0
589,philosophy,https://global.oup.com/us/companion.websites/9780190207038/stu_res/ch6/lev2/mcq/,1,0,0.0,1.0
590,philosophy,https://global.oup.com/us/companion.websites/9780190207038/stu_res/ch5/lev2/mcq/,1,0,0.0,1.0
591,philosophy,https://global.oup.com/us/companion.websites/9780190207038/stu_res/ch1/lev2/mcq/,1,0,0.0,1.0
592,nutrition,https://global.oup.com/uk/orc/health/geissler13e/student/mcqs/ch30/,1,0,0.0,1.0
593,nutrition,https://global.oup.com/uk/orc/health/geissler13e/student/mcqs/ch20/,1,0,0.0,1.0
594,nutrition,https://global.oup.com/uk/orc/health/geissler13e/student/mcqs/ch18/,1,0,0.0,1.0
595,nutrition,https://global.oup.com/uk/orc/health/geissler13e/student/mcqs/ch13/,1,0,0.0,1.0
596,nutrition,gpt-4o answer is 3,1,0,0.0,1.0
597,medical_genetics,https://www.sciencedirect.com/topics/medicine-and-dentistry/hemoglobin-a,1,0,0.0,1.0
598,medical_genetics,https://www.genome.gov/genetics-glossary/diploid,1,0,0.0,1.0
599,medical_genetics,https://online.universita.zanichelli.it/strachan-genetica-e-genomica/files/2016/10/ggm_questionbankch02_answers.pdf,1,0,0.0,1.0
600,medical_genetics,https://medizzy.com/learning/mcq/question/33896969,1,0,0.0,1.0
601,medical_genetics,https://medizzy.com/learning/mcq/question/33896964,1,0,0.0,1.0
602,medical_genetics,https://medizzy.com/learning/mcq/question/33896767,1,0,0.0,1.0
603,marketing,ugc net management practice question bank,1,0,0.0,1.0
604,marketing,principles and functions of marketing,1,0,0.0,1.0
605,marketing,"marketing management, by brijesh sivathamu",1,0,0.0,1.0
606,marketing,marketing and salesmanship,1,0,0.0,1.0
607,marketing,https://www.yourarticlelibrary.com/marketing/market-segmentation/top-4-bases-for-segmenting-consumer-market/32293,1,0,0.0,1.0
608,marketing,https://www.toppr.com/ask/question/the-buying-behaviours-of-consumers-which-requires-the-least-effort-is/,1,0,0.0,1.0
609,marketing,https://www.supergb.com/cbt/assessment/4f4b8fdd-60f4-42a8-be6e-fa511bc975a6/question/ed0c6969-a31a-4351-b41d-4e1aba7a553,1,0,0.0,1.0
610,marketing,https://www.studocu.com/in/document/kavayitri-bahinabai-chaudhari-north-maharashtra-university/bba/service-marketing-sol,1,0,0.0,1.0
611,marketing,https://www.studocu.com/en-us/messages/question/2835168/what-is-the-name-for-the-process-that-creates-changes-in-behavio,1,0,0.0,1.0
612,marketing,https://www.studocu.com/en-gb/document/university-of-east-london/marketing-principles-and-practice/test-2017-questions-a,1,0,0.0,1.0
613,marketing,https://www.studocu.com/en-gb/document/university-of-dundee/international-business-environment/week-8-marketing-complete,1,0,0.0,1.0
614,marketing,https://www.slideshare.net/slideshow/mcq-47421121/47421121,1,0,0.0,1.0
615,marketing,https://www.scribbr.co.uk/research-methods/nonprobability-sampling/,1,0,0.0,1.0
616,marketing,https://www.open.edu/openlearn/money-business/marketing/marketing-communications-the-digital-age/content-section-1,1,0,0.0,1.0
617,marketing,https://www.examveda.com/in-order-for-exchange-to-occur-31482/,1,0,0.0,1.0
618,marketing,https://www.coursesidekick.com/marketing/1332243,1,0,0.0,1.0
619,marketing,https://www.chegg.com/homework-help/questions-and-answers/used-positioning-process-illustrate-differing-attributesof-sel,1,0,0.0,1.0
620,marketing,https://www.chegg.com/homework-help/questions-and-answers/goods-low-priced-products-bought-frequently-used-incur-low-lev,1,0,0.0,1.0
621,marketing,https://testbook.com/objective-questions/mcq-on-broadcasting--626bbc763a4ec048267097cb,1,0,0.0,1.0
622,marketing,https://mcques.in/top-digital-marketing-mcqs-set-2/,1,0,0.0,1.0
623,marketing,https://mcqmate.com/discussion/232918/the-purpose-of-evaluating-the-attractiveness-of-the-differing-market-segments-iden,1,0,0.0,1.0
624,marketing,https://mcqmate.com/discussion/232904/which-of-the-following-is-not-an-example-of-a-behavioural-variable-in-rural-market,1,0,0.0,1.0
625,marketing,https://hbr.org/1998/07/welcome-to-the-experience-economy,1,0,0.0,1.0
626,marketing,https://brainly.com/question/51121332,1,0,0.0,1.0
627,marketing,fundamentals of marketing,1,0,0.0,1.0
628,marketing,essentials of marketing management,1,0,0.0,1.0
629,marketing,encyclopedia of creativity,1,0,0.0,1.0
630,management,https://www.indeed.com/career-advice/career-development/ansoff-matrix#:~:text=the%20market%20penetration%20strategy%20is,1,0,0.0,1.0
631,management,https://testbook.com/question-answer/what-is-a-paradigm--60782c64acf92d0c9461bc72#:~:text=a%20paradigm%20means%20a%20set,1,0,0.0,1.0
632,management,https://mhanational.org/what-emotional-intelligence-and-how-does-it-apply-workplace#:~:text=emotional%20intelligence%20(,1,0,0.0,1.0
633,management,https://laboursonline.com/onlineexamtest/mcqs-questions-answers.php?que_id=159301&test_id=1873&title=what%20is%20a%20nor,1,0,0.0,1.0
634,management,https://en.wikipedia.org/wiki/whistleblowing#:~:text=whistleblowing%20(also%20whistle%2dblowing%20or%20whistle%20blowing,1,0,0.0,1.0
635,management,https://economictimes.indiatimes.com/definition/pest-analysis#:~:text=political%2c%20economic%2c%20social%2c%20and%20tec,1,0,0.0,1.0
636,management,gpt-4o answer is 1,1,0,0.0,1.0
637,management,[wikipedia] the optimum span of control depends on numerous variables,1,0,0.0,1.0
638,machine_learning,uc berkeley final exam 2015,1,0,0.0,1.0
639,machine_learning,https://www.studocu.com/in/document/indian-institute-of-technology-delhi/introduction-to-machine-learning/ell784-m1-intr,1,0,0.0,1.0
640,machine_learning,https://www.exploredatabase.com/2020/09/machine-learning-multiple-choice-questions-set-13.html,1,0,0.0,1.0
641,machine_learning,https://www.exploredatabase.com/2020/05/machine-learning-multiple-choice-questions-set-12.html,1,0,0.0,1.0
642,machine_learning,https://www.exploredatabase.com/2020/05/machine-learning-multiple-choice-questions-set-10.html,1,0,0.0,1.0
643,machine_learning,https://www.exploredatabase.com/2020/05/machine-learning-multiple-choice-questions-set-04.html,1,0,0.0,1.0
644,machine_learning,https://www.exploredatabase.com/2020/05/machine-learning-multiple-choice-questions-set-03.html,1,0,0.0,1.0
645,machine_learning,https://www.exploredatabase.com/2020/05/machine-learning-multiple-choice-questions-set-02.html,1,0,0.0,1.0
646,machine_learning,https://www.examveda.com/what-would-you-do-in-pca-to-get-the-same-projection-as-svd-214229/,1,0,0.0,1.0
647,machine_learning,https://www.examveda.com/a-machine-learning-problem-involves-four-attributes-plus-a-class-the-attributes-have-3-2-2-and-,1,0,0.0,1.0
648,machine_learning,https://www.cs.cmu.edu/~epxing/class/10701/exams/final2008f-solution.pdf,1,0,0.0,1.0
649,machine_learning,https://www.cs.cmu.edu/~epxing/class/10701-11f/hw/hw3_solution.pdf,1,0,0.0,1.0
650,machine_learning,https://www.cs.cmu.edu/~aarti/class/10701/exams/midterm2007s-solution.pdf,1,0,0.0,1.0
651,machine_learning,https://www.cs.cmu.edu/~aarti/class/10701/exams/final2008f-solution.pdf,1,0,0.0,1.0
652,machine_learning,"https://www.cs.cmu.edu/~aarti/class/10701/exams/final2006-solution.pdf, https://www.cs.cmu.edu/~aarti/class/10701/exams/",1,0,0.0,1.0
653,machine_learning,https://www.cs.bu.edu/faculty/gkollios/dm07/midtermf07solutions.pdf,1,0,0.0,1.0
654,machine_learning,https://www.chegg.com/homework-help/questions-and-answers/48-following-joint-probability-mathrm-h-mathrm-u-mathrm-p-w-de,1,0,0.0,1.0
655,machine_learning,https://people.eecs.berkeley.edu/~jrs/189/exam/finals15.pdf,1,0,0.0,1.0
656,machine_learning,https://people.eecs.berkeley.edu/~jrs/189/exam/finals13.pdf,1,0,0.0,1.0
657,machine_learning,https://pages.cs.wisc.edu/~dyer/cs540/exams/exam1-f19-sol.pdf,1,0,0.0,1.0
658,machine_learning,"https://en.wikipedia.org/wiki/caltech_101,_https://en.wikipedia.org/wiki/imagenet",1,0,0.0,1.0
659,machine_learning,https://books.google.co.uk/books/about/machine_learning.html?id=vis7eaaaqbaj&redir_esc=y,1,0,0.0,1.0
660,machine_learning,http://www.cse.iitm.ac.in/~ravi/courses/introduction%20to%20machine%20learning_files/solution8.pdf,1,0,0.0,1.0
661,machine_learning,http://www.cse.iitm.ac.in/~ravi/courses/introduction%20to%20machine%20learning_files/solution4.pdf,1,0,0.0,1.0
662,machine_learning,http://www.cse.iitm.ac.in/~ravi/courses/introduction%20to%20machine%20learning_files/solution3.pdf,1,0,0.0,1.0
663,logical_fallacies,https://www.sjsu.edu/people/julie.hawker/courses/c1/s0/fallacies.ppt#:~:text=false%20consolation%3a%20arguing%20that%20s,1,0,0.0,1.0
664,logical_fallacies,https://www.logicallyfallacious.com/logicalfallacies/appeal-to-common-folk,1,0,0.0,1.0
665,logical_fallacies,https://en.wikipedia.org/wiki/false_dilemma,1,0,0.0,1.0
666,logical_fallacies,"https://en.wikipedia.org/wiki/complex_question#:~:text=complex%20question%20fallacy,-further%20information%3a%20loaded&t",1,0,0.0,1.0
667,logical_fallacies,https://en.wikipedia.org/wiki/appeal_to_ridicule,1,0,0.0,1.0
668,jurisprudence,lots of questions and their answer can be found in the quizzes here: https://learninglink.oup.com/,1,0,0.0,1.0
669,human_sexuality,https://www.simplypsychology.org/sociobiology.html,1,0,0.0,1.0
670,human_sexuality,https://www.myjewishlearning.com/article/judaism-and-sex-questions-and-answers/,1,0,0.0,1.0
671,human_sexuality,https://www.medicalnewstoday.com/articles/when-can-you-find-out-the-sex-of-a-baby#methods,1,0,0.0,1.0
672,human_sexuality,https://www.marchofdimes.org/find-support/topics/pregnancy/cocaine-and-pregnancy,1,0,0.0,1.0
673,human_sexuality,https://www.jstor.org/stable/3813092,1,0,0.0,1.0
674,human_sexuality,https://www.csun.edu/~vcpsy00h/students/sexual.htm,1,0,0.0,1.0
675,human_sexuality,https://www.coursehero.com/file/p59qo4g/which-of-the-following-concerning-self-disclosure-in-relationships-is-supported/,1,0,0.0,1.0
676,human_sexuality,https://theo.kuleuven.be/apps/christian-ethics/sex/history/h1a.html,1,0,0.0,1.0
677,human_sexuality,https://psycnet.apa.org/record/1966-02389-001,1,0,0.0,1.0
678,human_sexuality,https://pdfcoffee.com/nur-194-ob-quiz-p1-p2-rbe-pdf-free.html,1,0,0.0,1.0
679,human_sexuality,https://keystonecenterecu.net/blog/the-real-connections-between-mental-health-and-sex-addiction/,1,0,0.0,1.0
680,human_sexuality,https://en.wikipedia.org/wiki/voyeurism,1,0,0.0,1.0
681,human_sexuality,https://en.wikipedia.org/wiki/social_learning_theory,1,0,0.0,1.0
682,human_sexuality,https://en.wikipedia.org/wiki/menstruation_(mammal),1,0,0.0,1.0
683,human_sexuality,"https://en.wikipedia.org/wiki/id,_ego_and_superego",1,0,0.0,1.0
684,human_sexuality,https://en.wikipedia.org/wiki/erotic_asphyxiation,1,0,0.0,1.0
685,human_sexuality,https://craighospital.org/resources/sexual-function-for-men-after-spinal-cord-injury,1,0,0.0,1.0
686,human_aging,https://www.scu.edu/mcae/publications/iie/v8n1/advancedirectives.html,1,0,0.0,1.0
687,human_aging,https://dictionary.cambridge.org/dictionary/english/bereaved,1,0,0.0,1.0
688,high_school_world_history,ap world history question 88,1,0,0.0,1.0
689,high_school_world_history,ap world history question 233,1,0,0.0,1.0
690,high_school_world_history,ap world history question 226,1,0,0.0,1.0
691,high_school_world_history,ap world history question 162,1,0,0.0,1.0
692,high_school_world_history,"ap world history practice test 8, question 4",1,0,0.0,1.0
693,high_school_world_history,"ap world history practice test 7, question 3",1,0,0.0,1.0
694,high_school_world_history,"ap world history practice test 5, question 1",1,0,0.0,1.0
695,high_school_world_history,"ap world history practice test 43, question 10",1,0,0.0,1.0
696,high_school_world_history,"ap world history practice test 4, question 9",1,0,0.0,1.0
697,high_school_world_history,"ap world history practice test 39, question 9",1,0,0.0,1.0
698,high_school_world_history,"ap world history practice test 39, question 7",1,0,0.0,1.0
699,high_school_world_history,"ap world history practice test 36, question 7",1,0,0.0,1.0
700,high_school_world_history,"ap world history practice test 36, question 2",1,0,0.0,1.0
701,high_school_world_history,"ap world history practice test 35, question 9",1,0,0.0,1.0
702,high_school_world_history,"ap world history practice test 34, question 8",1,0,0.0,1.0
703,high_school_world_history,"ap world history practice test 34, question 6",1,0,0.0,1.0
704,high_school_world_history,"ap world history practice test 33, question 2",1,0,0.0,1.0
705,high_school_world_history,"ap world history practice test 31, question 4",1,0,0.0,1.0
706,high_school_world_history,"ap world history practice test 31, question 1",1,0,0.0,1.0
707,high_school_world_history,"ap world history practice test 30, question 12",1,0,0.0,1.0
708,high_school_world_history,"ap world history practice test 28, question 1",1,0,0.0,1.0
709,high_school_world_history,"ap world history practice test 26, question 9",1,0,0.0,1.0
710,high_school_world_history,"ap world history practice test 26, question 1",1,0,0.0,1.0
711,high_school_world_history,"ap world history practice test 25, question 3",1,0,0.0,1.0
712,high_school_world_history,"ap world history practice test 23, question 10",1,0,0.0,1.0
713,high_school_world_history,"ap world history practice test 21, question 7",1,0,0.0,1.0
714,high_school_world_history,"ap world history practice test 21, question 6",1,0,0.0,1.0
715,high_school_world_history,"ap world history practice test 21, question 4",1,0,0.0,1.0
716,high_school_world_history,"ap world history practice test 21, question 3",1,0,0.0,1.0
717,high_school_world_history,"ap world history practice test 19, question 5",1,0,0.0,1.0
718,high_school_world_history,"ap world history practice test 16, question 4",1,0,0.0,1.0
719,high_school_world_history,"ap world history practice test 15, question 7",1,0,0.0,1.0
720,high_school_world_history,"ap world history practice test 13, question 5",1,0,0.0,1.0
721,high_school_world_history,"ap world history practice test 12, question 4",1,0,0.0,1.0
722,high_school_world_history,"ap world history practice test 12, question 3",1,0,0.0,1.0
723,high_school_world_history,ap world history practice question 93,1,0,0.0,1.0
724,high_school_world_history,ap world history practice question 91,1,0,0.0,1.0
725,high_school_world_history,ap world history practice question 89,1,0,0.0,1.0
726,high_school_world_history,ap world history practice question 85,1,0,0.0,1.0
727,high_school_world_history,ap world history practice question 84,1,0,0.0,1.0
728,high_school_world_history,ap world history practice question 80,1,0,0.0,1.0
729,high_school_world_history,ap world history practice question 79,1,0,0.0,1.0
730,high_school_world_history,ap world history practice question 76,1,0,0.0,1.0
731,high_school_world_history,ap world history practice question 72,1,0,0.0,1.0
732,high_school_world_history,ap world history practice question 55,1,0,0.0,1.0
733,high_school_world_history,ap world history practice question 52,1,0,0.0,1.0
734,high_school_world_history,ap world history practice question 51,1,0,0.0,1.0
735,high_school_world_history,ap world history practice question 47,1,0,0.0,1.0
736,high_school_world_history,ap world history practice question 437,1,0,0.0,1.0
737,high_school_world_history,ap world history practice question 411,1,0,0.0,1.0
738,high_school_world_history,ap world history practice question 409,1,0,0.0,1.0
739,high_school_world_history,ap world history practice question 403,1,0,0.0,1.0
740,high_school_world_history,ap world history practice question 402,1,0,0.0,1.0
741,high_school_world_history,ap world history practice question 390,1,0,0.0,1.0
742,high_school_world_history,ap world history practice question 39,1,0,0.0,1.0
743,high_school_world_history,ap world history practice question 380,1,0,0.0,1.0
744,high_school_world_history,ap world history practice question 379,1,0,0.0,1.0
745,high_school_world_history,ap world history practice question 377,1,0,0.0,1.0
746,high_school_world_history,ap world history practice question 375,1,0,0.0,1.0
747,high_school_world_history,ap world history practice question 367,1,0,0.0,1.0
748,high_school_world_history,ap world history practice question 366,1,0,0.0,1.0
749,high_school_world_history,ap world history practice question 358,1,0,0.0,1.0
750,high_school_world_history,ap world history practice question 356,1,0,0.0,1.0
751,high_school_world_history,ap world history practice question 339,1,0,0.0,1.0
752,high_school_world_history,ap world history practice question 337,1,0,0.0,1.0
753,high_school_world_history,ap world history practice question 330,1,0,0.0,1.0
754,high_school_world_history,ap world history practice question 329,1,0,0.0,1.0
755,high_school_world_history,ap world history practice question 324,1,0,0.0,1.0
756,high_school_world_history,ap world history practice question 274,1,0,0.0,1.0
757,high_school_world_history,ap world history practice question 273,1,0,0.0,1.0
758,high_school_world_history,ap world history practice question 264,1,0,0.0,1.0
759,high_school_world_history,ap world history practice question 262,1,0,0.0,1.0
760,high_school_world_history,ap world history practice question 260,1,0,0.0,1.0
761,high_school_world_history,ap world history practice question 235,1,0,0.0,1.0
762,high_school_world_history,ap world history practice question 231,1,0,0.0,1.0
763,high_school_world_history,ap world history practice question 225,1,0,0.0,1.0
764,high_school_world_history,ap world history practice question 221,1,0,0.0,1.0
765,high_school_world_history,ap world history practice question 219,1,0,0.0,1.0
766,high_school_world_history,ap world history practice question 216,1,0,0.0,1.0
767,high_school_world_history,ap world history practice question 208,1,0,0.0,1.0
768,high_school_world_history,ap world history practice question 193,1,0,0.0,1.0
769,high_school_world_history,ap world history practice question 187,1,0,0.0,1.0
770,high_school_world_history,ap world history practice question 179,1,0,0.0,1.0
771,high_school_world_history,ap world history practice question 165,1,0,0.0,1.0
772,high_school_world_history,ap world history practice question 155,1,0,0.0,1.0
773,high_school_world_history,ap world history practice question 153,1,0,0.0,1.0
774,high_school_world_history,ap world history practice question 151,1,0,0.0,1.0
775,high_school_world_history,ap world history practice question 144,1,0,0.0,1.0
776,high_school_world_history,ap world history practice question 137,1,0,0.0,1.0
777,high_school_world_history,ap world history practice question 136,1,0,0.0,1.0
778,high_school_world_history,ap world history practice question 128,1,0,0.0,1.0
779,high_school_world_history,ap world history practice question 127,1,0,0.0,1.0
780,high_school_world_history,ap world history practice question 125,1,0,0.0,1.0
781,high_school_world_history,ap world history practice question 124,1,0,0.0,1.0
782,high_school_world_history,ap world history practice question 120,1,0,0.0,1.0
783,high_school_world_history,ap world history practice question 112,1,0,0.0,1.0
784,high_school_world_history,ap world history practice question 11,1,0,0.0,1.0
785,high_school_world_history,ap world history practice question 105,1,0,0.0,1.0
786,high_school_world_history,ap world history practice question 102,1,0,0.0,1.0
787,high_school_us_history,https://www.numerade.com/ap-content/ap-us-history/which-one-of-the-following-legislative-acts-is-most-closely-an-example,1,0,0.0,1.0
788,high_school_us_history,https://www.crackap.com/ap/us-history/question-97-answer-and-explanation.html,1,0,0.0,1.0
789,high_school_us_history,https://www.crackap.com/ap/us-history/question-90-answer-and-explanation.html,1,0,0.0,1.0
790,high_school_us_history,https://www.crackap.com/ap/us-history/question-9-answer-and-explanation.html,1,0,0.0,1.0
791,high_school_us_history,https://www.crackap.com/ap/us-history/question-88-answer-and-explanation.html,1,0,0.0,1.0
792,high_school_us_history,https://www.crackap.com/ap/us-history/question-87.html,1,0,0.0,1.0
793,high_school_us_history,https://www.crackap.com/ap/us-history/question-85-answer-and-explanation.html,1,0,0.0,1.0
794,high_school_us_history,https://www.crackap.com/ap/us-history/question-80-answer-and-explanation.html,1,0,0.0,1.0
795,high_school_us_history,https://www.crackap.com/ap/us-history/question-79-answer-and-explanation.html,1,0,0.0,1.0
796,high_school_us_history,https://www.crackap.com/ap/us-history/question-77-answer-and-explanation.html,1,0,0.0,1.0
797,high_school_us_history,https://www.crackap.com/ap/us-history/question-72-answer-and-explanation.html,1,0,0.0,1.0
798,high_school_us_history,https://www.crackap.com/ap/us-history/question-69-answer-and-explanation.html,1,0,0.0,1.0
799,high_school_us_history,https://www.crackap.com/ap/us-history/question-53-answer-and-explanation.html,1,0,0.0,1.0
800,high_school_us_history,https://www.crackap.com/ap/us-history/question-52.html,1,0,0.0,1.0
801,high_school_us_history,https://www.crackap.com/ap/us-history/question-51-answer-and-explanation.html,1,0,0.0,1.0
802,high_school_us_history,https://www.crackap.com/ap/us-history/question-50-answer-and-explanation.html,1,0,0.0,1.0
803,high_school_us_history,https://www.crackap.com/ap/us-history/question-49.html,1,0,0.0,1.0
804,high_school_us_history,https://www.crackap.com/ap/us-history/question-48-answer-and-explanation.html,1,0,0.0,1.0
805,high_school_us_history,https://www.crackap.com/ap/us-history/question-35-answer-and-explanation.html,1,0,0.0,1.0
806,high_school_us_history,https://www.crackap.com/ap/us-history/question-34-answer-and-explanation.html,1,0,0.0,1.0
807,high_school_us_history,https://www.crackap.com/ap/us-history/question-330-answer-and-explanation.html,1,0,0.0,1.0
808,high_school_us_history,https://www.crackap.com/ap/us-history/question-33.html,1,0,0.0,1.0
809,high_school_us_history,https://www.crackap.com/ap/us-history/question-329.html,1,0,0.0,1.0
810,high_school_us_history,https://www.crackap.com/ap/us-history/question-325-answer-and-explanation.html,1,0,0.0,1.0
811,high_school_us_history,https://www.crackap.com/ap/us-history/question-324-answer-and-explanation.html,1,0,0.0,1.0
812,high_school_us_history,https://www.crackap.com/ap/us-history/question-322-answer-and-explanation.html,1,0,0.0,1.0
813,high_school_us_history,https://www.crackap.com/ap/us-history/question-321-answer-and-explanation.html,1,0,0.0,1.0
814,high_school_us_history,https://www.crackap.com/ap/us-history/question-32-answer-and-explanation.html,1,0,0.0,1.0
815,high_school_us_history,https://www.crackap.com/ap/us-history/question-319-answer-and-explanation.html,1,0,0.0,1.0
816,high_school_us_history,https://www.crackap.com/ap/us-history/question-318-answer-and-explanation.html,1,0,0.0,1.0
817,high_school_us_history,https://www.crackap.com/ap/us-history/question-317-answer-and-explanation.html,1,0,0.0,1.0
818,high_school_us_history,https://www.crackap.com/ap/us-history/question-311-answer-and-explanation.html,1,0,0.0,1.0
819,high_school_us_history,https://www.crackap.com/ap/us-history/question-309-answer-and-explanation.html,1,0,0.0,1.0
820,high_school_us_history,https://www.crackap.com/ap/us-history/question-308-answer-and-explanation.html,1,0,0.0,1.0
821,high_school_us_history,https://www.crackap.com/ap/us-history/question-307-answer-and-explanation.html,1,0,0.0,1.0
822,high_school_us_history,https://www.crackap.com/ap/us-history/question-30-answer-and-explanation.html,1,0,0.0,1.0
823,high_school_us_history,https://www.crackap.com/ap/us-history/question-3-answer-and-explanation.html,1,0,0.0,1.0
824,high_school_us_history,https://www.crackap.com/ap/us-history/question-298-answer-and-explanation.html,1,0,0.0,1.0
825,high_school_us_history,https://www.crackap.com/ap/us-history/question-291-answer-and-explanation.html,1,0,0.0,1.0
826,high_school_us_history,https://www.crackap.com/ap/us-history/question-288.html,1,0,0.0,1.0
827,high_school_us_history,https://www.crackap.com/ap/us-history/question-287-answer-and-explanation.html,1,0,0.0,1.0
828,high_school_us_history,https://www.crackap.com/ap/us-history/question-285-answer-and-explanation.html,1,0,0.0,1.0
829,high_school_us_history,https://www.crackap.com/ap/us-history/question-28-answer-and-explanation.html,1,0,0.0,1.0
830,high_school_us_history,https://www.crackap.com/ap/us-history/question-266-answer-and-explanation.html,1,0,0.0,1.0
831,high_school_us_history,https://www.crackap.com/ap/us-history/question-265-answer-and-explanation.html,1,0,0.0,1.0
832,high_school_us_history,https://www.crackap.com/ap/us-history/question-261.html,1,0,0.0,1.0
833,high_school_us_history,https://www.crackap.com/ap/us-history/question-249-answer-and-explanation.html,1,0,0.0,1.0
834,high_school_us_history,https://www.crackap.com/ap/us-history/question-244-answer-and-explanation.html,1,0,0.0,1.0
835,high_school_us_history,https://www.crackap.com/ap/us-history/question-243-answer-and-explanation.html,1,0,0.0,1.0
836,high_school_us_history,https://www.crackap.com/ap/us-history/question-242-answer-and-explanation.html,1,0,0.0,1.0
837,high_school_us_history,https://www.crackap.com/ap/us-history/question-24-answer-and-explanation.html,1,0,0.0,1.0
838,high_school_us_history,https://www.crackap.com/ap/us-history/question-235-answer-and-explanation.html,1,0,0.0,1.0
839,high_school_us_history,https://www.crackap.com/ap/us-history/question-232.html,1,0,0.0,1.0
840,high_school_us_history,https://www.crackap.com/ap/us-history/question-23.html,1,0,0.0,1.0
841,high_school_us_history,https://www.crackap.com/ap/us-history/question-221-answer-and-explanation.html,1,0,0.0,1.0
842,high_school_us_history,https://www.crackap.com/ap/us-history/question-22-answer-and-explanation.html,1,0,0.0,1.0
843,high_school_us_history,https://www.crackap.com/ap/us-history/question-21-answer-and-explanation.html,1,0,0.0,1.0
844,high_school_us_history,https://www.crackap.com/ap/us-history/question-209-answer-and-explanation.html,1,0,0.0,1.0
845,high_school_us_history,https://www.crackap.com/ap/us-history/question-202-answer-and-explanation.html,1,0,0.0,1.0
846,high_school_us_history,https://www.crackap.com/ap/us-history/question-200-answer-and-explanation.html,1,0,0.0,1.0
847,high_school_us_history,https://www.crackap.com/ap/us-history/question-20-answer-and-explanation.html,1,0,0.0,1.0
848,high_school_us_history,https://www.crackap.com/ap/us-history/question-195.html,1,0,0.0,1.0
849,high_school_us_history,https://www.crackap.com/ap/us-history/question-193.html,1,0,0.0,1.0
850,high_school_us_history,https://www.crackap.com/ap/us-history/question-192-answer-and-explanation.html,1,0,0.0,1.0
851,high_school_us_history,https://www.crackap.com/ap/us-history/question-19-answer-and-explanation.html,1,0,0.0,1.0
852,high_school_us_history,https://www.crackap.com/ap/us-history/question-189-answer-and-explanation.html,1,0,0.0,1.0
853,high_school_us_history,https://www.crackap.com/ap/us-history/question-184-answer-and-explanation.html,1,0,0.0,1.0
854,high_school_us_history,https://www.crackap.com/ap/us-history/question-183-answer-and-explanation.html,1,0,0.0,1.0
855,high_school_us_history,https://www.crackap.com/ap/us-history/question-182-answer-and-explanation.html,1,0,0.0,1.0
856,high_school_us_history,https://www.crackap.com/ap/us-history/question-181-answer-and-explanation.html,1,0,0.0,1.0
857,high_school_us_history,https://www.crackap.com/ap/us-history/question-179-answer-and-explanation.html,1,0,0.0,1.0
858,high_school_us_history,https://www.crackap.com/ap/us-history/question-178-answer-and-explanation.html,1,0,0.0,1.0
859,high_school_us_history,https://www.crackap.com/ap/us-history/question-176-answer-and-explanation.html,1,0,0.0,1.0
860,high_school_us_history,https://www.crackap.com/ap/us-history/question-175-answer-and-explanation.html,1,0,0.0,1.0
861,high_school_us_history,https://www.crackap.com/ap/us-history/question-174-answer-and-explanation.html,1,0,0.0,1.0
862,high_school_us_history,https://www.crackap.com/ap/us-history/question-173-answer-and-explanation.html,1,0,0.0,1.0
863,high_school_us_history,https://www.crackap.com/ap/us-history/question-17-answer-and-explanation.html,1,0,0.0,1.0
864,high_school_us_history,https://www.crackap.com/ap/us-history/question-165.html,1,0,0.0,1.0
865,high_school_us_history,https://www.crackap.com/ap/us-history/question-163-answer-and-explanation.html,1,0,0.0,1.0
866,high_school_us_history,https://www.crackap.com/ap/us-history/question-162-answer-and-explanation.html,1,0,0.0,1.0
867,high_school_us_history,https://www.crackap.com/ap/us-history/question-160-answer-and-explanation.html,1,0,0.0,1.0
868,high_school_us_history,https://www.crackap.com/ap/us-history/question-159-answer-and-explanation.html,1,0,0.0,1.0
869,high_school_us_history,https://www.crackap.com/ap/us-history/question-155.html,1,0,0.0,1.0
870,high_school_us_history,https://www.crackap.com/ap/us-history/question-151-answer-and-explanation.html,1,0,0.0,1.0
871,high_school_us_history,https://www.crackap.com/ap/us-history/question-147-answer-and-explanation.html,1,0,0.0,1.0
872,high_school_us_history,https://www.crackap.com/ap/us-history/question-146-answer-and-explanation.html,1,0,0.0,1.0
873,high_school_us_history,https://www.crackap.com/ap/us-history/question-145-answer-and-explanation.html,1,0,0.0,1.0
874,high_school_us_history,https://www.crackap.com/ap/us-history/question-143.html,1,0,0.0,1.0
875,high_school_us_history,https://www.crackap.com/ap/us-history/question-140-answer-and-explanation.html,1,0,0.0,1.0
876,high_school_us_history,https://www.crackap.com/ap/us-history/question-14-answer-and-explanation.html,1,0,0.0,1.0
877,high_school_us_history,https://www.crackap.com/ap/us-history/question-130.html,1,0,0.0,1.0
878,high_school_us_history,https://www.crackap.com/ap/us-history/question-13-answer-and-explanation.html,1,0,0.0,1.0
879,high_school_us_history,https://www.crackap.com/ap/us-history/question-127-answer-and-explanation.html,1,0,0.0,1.0
880,high_school_us_history,https://www.crackap.com/ap/us-history/question-125-answer-and-explanation.html,1,0,0.0,1.0
881,high_school_us_history,https://www.crackap.com/ap/us-history/question-11-answer-and-explanation.html,1,0,0.0,1.0
882,high_school_us_history,https://www.crackap.com/ap/us-history/question-106-answer-and-explanation.html,1,0,0.0,1.0
883,high_school_us_history,https://www.crackap.com/ap/us-history/question-102-answer-and-explanation.html,1,0,0.0,1.0
884,high_school_us_history,https://www.crackap.com/ap/us-history/question-101-answer-and-explanation.html,1,0,0.0,1.0
885,high_school_us_history,https://www.coursehero.com/file/p4a61da6/to-address-the-problems-identified-in-federalist-15-hamilton-proposed-a/,1,0,0.0,1.0
886,high_school_us_history,https://en.wikipedia.org/wiki/spanish%e2%80%93american_war,1,0,0.0,1.0
887,high_school_psychology,https://www.crackap.com/ap/psychology/test50.html,1,0,0.0,1.0
888,high_school_psychology,https://www.crackap.com/ap/psychology/test46.html,1,0,0.0,1.0
889,high_school_psychology,https://www.crackap.com/ap/psychology/test36.html,1,0,0.0,1.0
890,high_school_psychology,https://www.crackap.com/ap/psychology/test26.html,1,0,0.0,1.0
891,high_school_psychology,https://www.crackap.com/ap/psychology/test11.html,1,0,0.0,1.0
892,high_school_psychology,https://www.crackap.com/ap/psychology/test10.html,1,0,0.0,1.0
893,high_school_psychology,https://www.crackap.com/ap/psychology/question-96-answer-and-explanation.html,1,0,0.0,1.0
894,high_school_psychology,https://www.crackap.com/ap/psychology/question-86-answer-and-explanation.html,1,0,0.0,1.0
895,high_school_psychology,https://www.crackap.com/ap/psychology/question-8-answer-and-explanation.html,1,0,0.0,1.0
896,high_school_psychology,https://www.crackap.com/ap/psychology/question-728-answer-and-explanation.html,1,0,0.0,1.0
897,high_school_psychology,https://www.crackap.com/ap/psychology/question-596.html,1,0,0.0,1.0
898,high_school_psychology,https://www.crackap.com/ap/psychology/question-583-answer-and-explanation.html,1,0,0.0,1.0
899,high_school_psychology,https://www.crackap.com/ap/psychology/question-572-answer-and-explanation.html,1,0,0.0,1.0
900,high_school_psychology,https://www.crackap.com/ap/psychology/question-565-answer-and-explanation.html,1,0,0.0,1.0
901,high_school_psychology,https://www.crackap.com/ap/psychology/question-563-answer-and-explanation.html,1,0,0.0,1.0
902,high_school_psychology,https://www.crackap.com/ap/psychology/question-559-answer-and-explanation.html,1,0,0.0,1.0
903,high_school_psychology,https://www.crackap.com/ap/psychology/question-555-answer-and-explanation.html,1,0,0.0,1.0
904,high_school_psychology,https://www.crackap.com/ap/psychology/question-553-answer-and-explanation.html,1,0,0.0,1.0
905,high_school_psychology,https://www.crackap.com/ap/psychology/question-552.html,1,0,0.0,1.0
906,high_school_psychology,https://www.crackap.com/ap/psychology/question-543.html,1,0,0.0,1.0
907,high_school_psychology,https://www.crackap.com/ap/psychology/question-539-answer-and-explanation.html,1,0,0.0,1.0
908,high_school_psychology,https://www.crackap.com/ap/psychology/question-535-answer-and-explanation.html,1,0,0.0,1.0
909,high_school_psychology,https://www.crackap.com/ap/psychology/question-529-answer-and-explanation.html,1,0,0.0,1.0
910,high_school_psychology,https://www.crackap.com/ap/psychology/question-522-answer-and-explanation.html,1,0,0.0,1.0
911,high_school_psychology,https://www.crackap.com/ap/psychology/question-520-answer-and-explanation.html,1,0,0.0,1.0
912,high_school_psychology,https://www.crackap.com/ap/psychology/question-52.html,1,0,0.0,1.0
913,high_school_psychology,https://www.crackap.com/ap/psychology/question-51-answer-and-explanation.html,1,0,0.0,1.0
914,high_school_psychology,https://www.crackap.com/ap/psychology/question-506-answer-and-explanation.html,1,0,0.0,1.0
915,high_school_psychology,https://www.crackap.com/ap/psychology/question-498-answer-and-explanation.html,1,0,0.0,1.0
916,high_school_psychology,https://www.crackap.com/ap/psychology/question-494.html,1,0,0.0,1.0
917,high_school_psychology,https://www.crackap.com/ap/psychology/question-493-answer-and-explanation.html,1,0,0.0,1.0
918,high_school_psychology,https://www.crackap.com/ap/psychology/question-478-answer-and-explanation.html,1,0,0.0,1.0
919,high_school_psychology,https://www.crackap.com/ap/psychology/question-474-answer-and-explanation.html,1,0,0.0,1.0
920,high_school_psychology,https://www.crackap.com/ap/psychology/question-473-answer-and-explanation.html,1,0,0.0,1.0
921,high_school_psychology,https://www.crackap.com/ap/psychology/question-468-answer-and-explanation.html,1,0,0.0,1.0
922,high_school_psychology,https://www.crackap.com/ap/psychology/question-461-answer-and-explanation.html,1,0,0.0,1.0
923,high_school_psychology,https://www.crackap.com/ap/psychology/question-45-answer-and-explanation.html,1,0,0.0,1.0
924,high_school_psychology,https://www.crackap.com/ap/psychology/question-448.html,1,0,0.0,1.0
925,high_school_psychology,https://www.crackap.com/ap/psychology/question-442-answer-and-explanation.html,1,0,0.0,1.0
926,high_school_psychology,https://www.crackap.com/ap/psychology/question-44-answer-and-explanation.html,1,0,0.0,1.0
927,high_school_psychology,https://www.crackap.com/ap/psychology/question-428.html,1,0,0.0,1.0
928,high_school_psychology,https://www.crackap.com/ap/psychology/question-420-answer-and-explanation.html,1,0,0.0,1.0
929,high_school_psychology,https://www.crackap.com/ap/psychology/question-417-answer-and-explanation.html,1,0,0.0,1.0
930,high_school_psychology,https://www.crackap.com/ap/psychology/question-416.html,1,0,0.0,1.0
931,high_school_psychology,https://www.crackap.com/ap/psychology/question-414-answer-and-explanation.html,1,0,0.0,1.0
932,high_school_psychology,https://www.crackap.com/ap/psychology/question-413.html,1,0,0.0,1.0
933,high_school_psychology,https://www.crackap.com/ap/psychology/question-385-answer-and-explanation.html,1,0,0.0,1.0
934,high_school_psychology,https://www.crackap.com/ap/psychology/question-372-answer-and-explanation.html,1,0,0.0,1.0
935,high_school_psychology,https://www.crackap.com/ap/psychology/question-368.html,1,0,0.0,1.0
936,high_school_psychology,https://www.crackap.com/ap/psychology/question-367-answer-and-explanation.html,1,0,0.0,1.0
937,high_school_psychology,https://www.crackap.com/ap/psychology/question-365-answer-and-explanation.html,1,0,0.0,1.0
938,high_school_psychology,https://www.crackap.com/ap/psychology/question-362.html,1,0,0.0,1.0
939,high_school_psychology,https://www.crackap.com/ap/psychology/question-36.html,1,0,0.0,1.0
940,high_school_psychology,https://www.crackap.com/ap/psychology/question-356-answer-and-explanation.html,1,0,0.0,1.0
941,high_school_psychology,https://www.crackap.com/ap/psychology/question-348.html,1,0,0.0,1.0
942,high_school_psychology,https://www.crackap.com/ap/psychology/question-341-answer-and-explanation.html,1,0,0.0,1.0
943,high_school_psychology,https://www.crackap.com/ap/psychology/question-339-answer-and-explanation.html,1,0,0.0,1.0
944,high_school_psychology,https://www.crackap.com/ap/psychology/question-335-answer-and-explanation.html,1,0,0.0,1.0
945,high_school_psychology,https://www.crackap.com/ap/psychology/question-326.html,1,0,0.0,1.0
946,high_school_psychology,https://www.crackap.com/ap/psychology/question-320-answer-and-explanation.html,1,0,0.0,1.0
947,high_school_psychology,https://www.crackap.com/ap/psychology/question-300-answer-and-explanation.html,1,0,0.0,1.0
948,high_school_psychology,https://www.crackap.com/ap/psychology/question-295-answer-and-explanation.html,1,0,0.0,1.0
949,high_school_psychology,https://www.crackap.com/ap/psychology/question-284-answer-and-explanation.html,1,0,0.0,1.0
950,high_school_psychology,https://www.crackap.com/ap/psychology/question-277-answer-and-explanation.html,1,0,0.0,1.0
951,high_school_psychology,https://www.crackap.com/ap/psychology/question-270-answer-and-explanation.html,1,0,0.0,1.0
952,high_school_psychology,https://www.crackap.com/ap/psychology/question-27.html,1,0,0.0,1.0
953,high_school_psychology,https://www.crackap.com/ap/psychology/question-255.html,1,0,0.0,1.0
954,high_school_psychology,https://www.crackap.com/ap/psychology/question-254.html,1,0,0.0,1.0
955,high_school_psychology,https://www.crackap.com/ap/psychology/question-253-answer-and-explanation.html,1,0,0.0,1.0
956,high_school_psychology,https://www.crackap.com/ap/psychology/question-252-answer-and-explanation.html,1,0,0.0,1.0
957,high_school_psychology,https://www.crackap.com/ap/psychology/question-249.html,1,0,0.0,1.0
958,high_school_psychology,https://www.crackap.com/ap/psychology/question-246.html,1,0,0.0,1.0
959,high_school_psychology,https://www.crackap.com/ap/psychology/question-241.html,1,0,0.0,1.0
960,high_school_psychology,https://www.crackap.com/ap/psychology/question-240.html,1,0,0.0,1.0
961,high_school_psychology,https://www.crackap.com/ap/psychology/question-232-answer-and-explanation.html,1,0,0.0,1.0
962,high_school_psychology,https://www.crackap.com/ap/psychology/question-186-answer-and-explanation.html,1,0,0.0,1.0
963,high_school_psychology,https://www.crackap.com/ap/psychology/question-176.html,1,0,0.0,1.0
964,high_school_psychology,https://www.crackap.com/ap/psychology/question-17.html,1,0,0.0,1.0
965,high_school_psychology,https://www.crackap.com/ap/psychology/question-153-answer-and-explanation.html,1,0,0.0,1.0
966,high_school_psychology,https://www.crackap.com/ap/psychology/question-15-answer-and-explanation.html,1,0,0.0,1.0
967,high_school_psychology,https://www.crackap.com/ap/psychology/question-147-answer-and-explanation.html,1,0,0.0,1.0
968,high_school_psychology,https://www.crackap.com/ap/psychology/question-144.html,1,0,0.0,1.0
969,high_school_psychology,https://www.crackap.com/ap/psychology/question-142-answer-and-explanation.html,1,0,0.0,1.0
970,high_school_psychology,https://www.crackap.com/ap/psychology/question-140-answer-and-explanation.html,1,0,0.0,1.0
971,high_school_psychology,https://www.crackap.com/ap/psychology/question-137-answer-and-explanation.html,1,0,0.0,1.0
972,high_school_psychology,https://www.crackap.com/ap/psychology/question-132.html,1,0,0.0,1.0
973,high_school_psychology,https://www.crackap.com/ap/psychology/question-128-answer-and-explanation.html,1,0,0.0,1.0
974,high_school_psychology,https://www.crackap.com/ap/psychology/question-125.html,1,0,0.0,1.0
975,high_school_psychology,https://www.crackap.com/ap/psychology/question-1176-answer-and-explanation.html,1,0,0.0,1.0
976,high_school_psychology,https://www.crackap.com/ap/psychology/question-111-answer-and-explanation.html,1,0,0.0,1.0
977,high_school_psychology,https://www.crackap.com/ap/psychology/question-109.html,1,0,0.0,1.0
978,high_school_psychology,https://www.crackap.com/ap/psychology/question-100-answer-and-explanation.html,1,0,0.0,1.0
979,high_school_psychology,https://www.crackap.com/ap/psychology/question-1-answer-and-explanation.html,1,0,0.0,1.0
980,high_school_physics,https://www.vaia.com/en-us/textbooks/physics/university-physics-with-modern-physics-2-edition/chapter-22/problem-16-how-,1,0,0.0,1.0
981,high_school_physics,https://www.toppr.com/ask/question/orange-light-has-a-wavelength-of-6-times-107m-what-is-its-frequency-the-speed/,1,0,0.0,1.0
982,high_school_physics,https://www.toppr.com/ask/question/during-an-isothermal-expansion-a-confined-ideal-gas-does-150-j-of-work-against-its/,1,0,0.0,1.0
983,high_school_physics,https://www.numerade.com/ask/question/an-object-is-placed-10-cm-in-front-of-a-diverging-mirror-what-is-the-focal-length-,1,0,0.0,1.0
984,high_school_physics,https://www.cracksat.net/sat2/physics/question-6-answer-and-explanation.html,1,0,0.0,1.0
985,high_school_physics,https://www.cracksat.net/sat2/physics/question-5-answer-and-explanation.html,1,0,0.0,1.0
986,high_school_physics,https://www.cracksat.net/sat2/physics/question-254-answer-and-explanation.html,1,0,0.0,1.0
987,high_school_physics,https://www.cracksat.net/sat2/physics/question-242-answer-and-explanation.html,1,0,0.0,1.0
988,high_school_physics,https://www.cracksat.net/sat2/physics/question-227-answer-and-explanation.html,1,0,0.0,1.0
989,high_school_physics,https://www.cracksat.net/sat2/physics/question-207-answer-and-explanation.html,1,0,0.0,1.0
990,high_school_physics,https://www.cracksat.net/sat2/physics/question-206-answer-and-explanation.html,1,0,0.0,1.0
991,high_school_physics,https://www.cracksat.net/sat2/physics/question-203-answer-and-explanation.html,1,0,0.0,1.0
992,high_school_physics,https://www.cracksat.net/sat2/physics/question-202-answer-and-explanation.html,1,0,0.0,1.0
993,high_school_physics,https://www.cracksat.net/sat2/physics/quesion-8-answer-and-explanation.html,1,0,0.0,1.0
994,high_school_physics,https://www.cracksat.net/sat2/physics/quesion-7-answer-and-explanation.html,1,0,0.0,1.0
995,high_school_physics,https://www.crackap.com/ap/physics-c-mechanics/question-94-answer-and-explanation.html,1,0,0.0,1.0
996,high_school_physics,https://www.crackap.com/ap/physics-c-mechanics/question-87.html,1,0,0.0,1.0
997,high_school_physics,https://www.crackap.com/ap/physics-c-mechanics/question-79.html,1,0,0.0,1.0
998,high_school_physics,https://www.crackap.com/ap/physics-c-mechanics/question-72.html,1,0,0.0,1.0
999,high_school_physics,https://www.crackap.com/ap/physics-c-mechanics/question-71-answer-and-explanation.html,1,0,0.0,1.0
1000,high_school_physics,https://www.crackap.com/ap/physics-c-mechanics/question-67-answer-and-explanation.html,1,0,0.0,1.0
1001,high_school_physics,https://www.crackap.com/ap/physics-c-mechanics/question-35.html,1,0,0.0,1.0
1002,high_school_physics,https://www.crackap.com/ap/physics-c-mechanics/question-33-answer-and-explanation.html,1,0,0.0,1.0
1003,high_school_physics,https://www.crackap.com/ap/physics-c-mechanics/question-32.html,1,0,0.0,1.0
1004,high_school_physics,https://www.crackap.com/ap/physics-c-mechanics/question-2-answer-and-explanation.html,1,0,0.0,1.0
1005,high_school_physics,https://www.crackap.com/ap/physics-c-mechanics/question-13-answer-and-explanation.html,1,0,0.0,1.0
1006,high_school_physics,https://www.crackap.com/ap/physics-c-mechanics/question-105-answer-and-explanation.html,1,0,0.0,1.0
1007,high_school_physics,https://www.crackap.com/ap/physics-c-electricity-and-magnetism/question-96-answer-and-explanation.html,1,0,0.0,1.0
1008,high_school_physics,https://www.crackap.com/ap/physics-c-electricity-and-magnetism/question-94-answer-and-explanation.html,1,0,0.0,1.0
1009,high_school_physics,https://www.crackap.com/ap/physics-c-electricity-and-magnetism/question-9.html,1,0,0.0,1.0
1010,high_school_physics,https://www.crackap.com/ap/physics-c-electricity-and-magnetism/question-85-answer-and-explanation.html,1,0,0.0,1.0
1011,high_school_physics,https://www.crackap.com/ap/physics-c-electricity-and-magnetism/question-84.html,1,0,0.0,1.0
1012,high_school_physics,https://www.crackap.com/ap/physics-c-electricity-and-magnetism/question-71-answer-and-explanation.html,1,0,0.0,1.0
1013,high_school_physics,https://www.crackap.com/ap/physics-c-electricity-and-magnetism/question-68-answer-and-explanation.html,1,0,0.0,1.0
1014,high_school_physics,https://www.crackap.com/ap/physics-c-electricity-and-magnetism/question-65-answer-and-explanation.html,1,0,0.0,1.0
1015,high_school_physics,https://www.crackap.com/ap/physics-c-electricity-and-magnetism/question-6-answer-and-explanation.html,1,0,0.0,1.0
1016,high_school_physics,https://www.crackap.com/ap/physics-c-electricity-and-magnetism/question-42-answer-and-explanation.html,1,0,0.0,1.0
1017,high_school_physics,https://www.crackap.com/ap/physics-c-electricity-and-magnetism/question-3-answer-and-explanation.html,1,0,0.0,1.0
1018,high_school_physics,https://www.crackap.com/ap/physics-2/question-90-answer-and-explanation.html,1,0,0.0,1.0
1019,high_school_physics,https://www.crackap.com/ap/physics-2/question-9.html,1,0,0.0,1.0
1020,high_school_physics,https://www.crackap.com/ap/physics-2/question-84.html,1,0,0.0,1.0
1021,high_school_physics,https://www.crackap.com/ap/physics-2/question-80-answer-and-explanation.html,1,0,0.0,1.0
1022,high_school_physics,https://www.crackap.com/ap/physics-2/question-76.html,1,0,0.0,1.0
1023,high_school_physics,https://www.crackap.com/ap/physics-2/question-57-answer-and-explanation.html,1,0,0.0,1.0
1024,high_school_physics,https://www.crackap.com/ap/physics-2/question-55.html,1,0,0.0,1.0
1025,high_school_physics,https://www.crackap.com/ap/physics-2/question-54.html,1,0,0.0,1.0
1026,high_school_physics,https://www.crackap.com/ap/physics-2/question-50.html,1,0,0.0,1.0
1027,high_school_physics,https://www.crackap.com/ap/physics-2/question-5-answer-and-explanation.html,1,0,0.0,1.0
1028,high_school_physics,https://www.crackap.com/ap/physics-2/question-46.html,1,0,0.0,1.0
1029,high_school_physics,https://www.crackap.com/ap/physics-2/question-45.html,1,0,0.0,1.0
1030,high_school_physics,https://www.crackap.com/ap/physics-2/question-40-answer-and-explanation.html,1,0,0.0,1.0
1031,high_school_physics,https://www.crackap.com/ap/physics-2/question-35-answer-and-explanation.html,1,0,0.0,1.0
1032,high_school_physics,https://www.crackap.com/ap/physics-2/question-34-answer-and-explanation.html,1,0,0.0,1.0
1033,high_school_physics,https://www.crackap.com/ap/physics-2/question-30-answer-and-explanation.html,1,0,0.0,1.0
1034,high_school_physics,https://www.crackap.com/ap/physics-2/question-162.html,1,0,0.0,1.0
1035,high_school_physics,https://www.crackap.com/ap/physics-2/question-146-answer-and-explanation.html,1,0,0.0,1.0
1036,high_school_physics,https://www.crackap.com/ap/physics-2/question-130.html,1,0,0.0,1.0
1037,high_school_physics,https://www.crackap.com/ap/physics-2/question-1.html,1,0,0.0,1.0
1038,high_school_physics,https://www.crackap.com/ap/physics-1/question-92-answer-and-explanation.html,1,0,0.0,1.0
1039,high_school_physics,https://www.crackap.com/ap/physics-1/question-86.html,1,0,0.0,1.0
1040,high_school_physics,https://www.crackap.com/ap/physics-1/question-83-answer-and-explanation.html,1,0,0.0,1.0
1041,high_school_physics,https://www.crackap.com/ap/physics-1/question-80.html,1,0,0.0,1.0
1042,high_school_physics,https://www.crackap.com/ap/physics-1/question-75.html,1,0,0.0,1.0
1043,high_school_physics,https://www.crackap.com/ap/physics-1/question-72-answer-and-explanation.html,1,0,0.0,1.0
1044,high_school_physics,https://www.crackap.com/ap/physics-1/question-71.html,1,0,0.0,1.0
1045,high_school_physics,https://www.crackap.com/ap/physics-1/question-66.html,1,0,0.0,1.0
1046,high_school_physics,https://www.crackap.com/ap/physics-1/question-40.html,1,0,0.0,1.0
1047,high_school_physics,https://www.crackap.com/ap/physics-1/question-38.html,1,0,0.0,1.0
1048,high_school_physics,https://www.crackap.com/ap/physics-1/question-358-answer-and-explanation.html,1,0,0.0,1.0
1049,high_school_physics,https://www.crackap.com/ap/physics-1/question-351.html,1,0,0.0,1.0
1050,high_school_physics,https://www.crackap.com/ap/physics-1/question-346.html,1,0,0.0,1.0
1051,high_school_physics,https://www.crackap.com/ap/physics-1/question-32.html,1,0,0.0,1.0
1052,high_school_physics,https://www.crackap.com/ap/physics-1/question-21-answer-and-explanation.html,1,0,0.0,1.0
1053,high_school_physics,https://www.crackap.com/ap/physics-1/question-20.html,1,0,0.0,1.0
1054,high_school_physics,https://www.crackap.com/ap/physics-1/question-190-answer-and-explanation.html,1,0,0.0,1.0
1055,high_school_physics,https://www.crackap.com/ap/physics-1/question-172-answer-and-explanation.html,1,0,0.0,1.0
1056,high_school_physics,https://www.crackap.com/ap/physics-1/question-166.html,1,0,0.0,1.0
1057,high_school_physics,https://www.crackap.com/ap/physics-1/question-158-answer-and-explanation.html,1,0,0.0,1.0
1058,high_school_physics,https://www.crackap.com/ap/physics-1/question-156.html,1,0,0.0,1.0
1059,high_school_physics,https://www.crackap.com/ap/physics-1/question-15.html,1,0,0.0,1.0
1060,high_school_physics,https://www.crackap.com/ap/physics-1/question-145-answer-and-explanation.html,1,0,0.0,1.0
1061,high_school_physics,https://www.crackap.com/ap/physics-1/question-143.html,1,0,0.0,1.0
1062,high_school_physics,https://www.crackap.com/ap/physics-1/question-142-answer-and-explanation.html,1,0,0.0,1.0
1063,high_school_physics,https://www.crackap.com/ap/physics-1/question-136-answer-and-explanation.html,1,0,0.0,1.0
1064,high_school_physics,https://www.crackap.com/ap/physics-1/question-135.html,1,0,0.0,1.0
1065,high_school_physics,https://www.crackap.com/ap/physics-1/question-131-answer-and-explanation.html,1,0,0.0,1.0
1066,high_school_physics,https://www.crackap.com/ap/physics-1/question-130-answer-and-explanation.html,1,0,0.0,1.0
1067,high_school_physics,https://www.crackap.com/ap/physics-1/question-124-answer-and-explanation.html,1,0,0.0,1.0
1068,high_school_physics,https://www.crackap.com/ap/physics-1/question-118-answer-and-explanation.html,1,0,0.0,1.0
1069,high_school_physics,https://www.crackap.com/ap/physics-1/question-11-answer-and-explanation.html,1,0,0.0,1.0
1070,high_school_physics,https://www.crackap.com/ap/physics-1/question-103.html,1,0,0.0,1.0
1071,high_school_physics,https://www.crackap.com/ap/physics-1/question-101-answer-and-explanation.html,1,0,0.0,1.0
1072,high_school_physics,https://byjus.com/question-answer/a-convex-lens-can-formreal-image-only-virtual-image-only-both-real-and-virtual-image/,1,0,0.0,1.0
1073,high_school_physics,https://brainly.com/question/30044929,1,0,0.0,1.0
1074,high_school_physics,https://brainly.com/question/11612034,1,0,0.0,1.0
1075,high_school_microeconomics,https://www.crackap.com/ap/microeconomics/test7.html,1,0,0.0,1.0
1076,high_school_microeconomics,https://www.crackap.com/ap/microeconomics/test39.html,1,0,0.0,1.0
1077,high_school_microeconomics,https://www.crackap.com/ap/microeconomics/test27.html,1,0,0.0,1.0
1078,high_school_microeconomics,https://www.crackap.com/ap/microeconomics/test25.html,1,0,0.0,1.0
1079,high_school_microeconomics,https://www.crackap.com/ap/microeconomics/question-99-answer-and-explanation.html,1,0,0.0,1.0
1080,high_school_microeconomics,https://www.crackap.com/ap/microeconomics/question-89-answer-and-explanation.html,1,0,0.0,1.0
1081,high_school_microeconomics,https://www.crackap.com/ap/microeconomics/question-85-answer-and-explanation.html,1,0,0.0,1.0
1082,high_school_microeconomics,https://www.crackap.com/ap/microeconomics/question-84.html,1,0,0.0,1.0
1083,high_school_microeconomics,https://www.crackap.com/ap/microeconomics/question-77.html,1,0,0.0,1.0
1084,high_school_microeconomics,https://www.crackap.com/ap/microeconomics/question-71.html,1,0,0.0,1.0
1085,high_school_microeconomics,https://www.crackap.com/ap/microeconomics/question-70-answer-and-explanation.html,1,0,0.0,1.0
1086,high_school_microeconomics,https://www.crackap.com/ap/microeconomics/question-67-answer-and-explanation.html,1,0,0.0,1.0
1087,high_school_microeconomics,https://www.crackap.com/ap/microeconomics/question-63-answer-and-explanation.html,1,0,0.0,1.0
1088,high_school_microeconomics,https://www.crackap.com/ap/microeconomics/question-61-answer-and-explanation.html,1,0,0.0,1.0
1089,high_school_microeconomics,https://www.crackap.com/ap/microeconomics/question-6-answer-and-explanation.html,1,0,0.0,1.0
1090,high_school_microeconomics,https://www.crackap.com/ap/microeconomics/question-59-answer-and-explanation.html,1,0,0.0,1.0
1091,high_school_microeconomics,https://www.crackap.com/ap/microeconomics/question-53-answer-and-explanation.html,1,0,0.0,1.0
1092,high_school_microeconomics,https://www.crackap.com/ap/microeconomics/question-49-answer-and-explanation.html,1,0,0.0,1.0
1093,high_school_microeconomics,https://www.crackap.com/ap/microeconomics/question-45.html,1,0,0.0,1.0
1094,high_school_microeconomics,https://www.crackap.com/ap/microeconomics/question-38-answer-and-explanation.html,1,0,0.0,1.0
1095,high_school_microeconomics,https://www.crackap.com/ap/microeconomics/question-372-answer-and-explanation.html,1,0,0.0,1.0
1096,high_school_microeconomics,https://www.crackap.com/ap/microeconomics/question-370.html,1,0,0.0,1.0
1097,high_school_microeconomics,https://www.crackap.com/ap/microeconomics/question-369-answer-and-explanation.html,1,0,0.0,1.0
1098,high_school_microeconomics,https://www.crackap.com/ap/microeconomics/question-367-answer-and-explanation.html,1,0,0.0,1.0
1099,high_school_microeconomics,https://www.crackap.com/ap/microeconomics/question-357-answer-and-explanation.html,1,0,0.0,1.0
1100,high_school_microeconomics,https://www.crackap.com/ap/microeconomics/question-356-answer-and-explanation.html,1,0,0.0,1.0
1101,high_school_microeconomics,https://www.crackap.com/ap/microeconomics/question-354.html,1,0,0.0,1.0
1102,high_school_microeconomics,https://www.crackap.com/ap/microeconomics/question-352.html,1,0,0.0,1.0
1103,high_school_microeconomics,https://www.crackap.com/ap/microeconomics/question-35-answer-and-explanation.html,1,0,0.0,1.0
1104,high_school_microeconomics,https://www.crackap.com/ap/microeconomics/question-349-answer-and-explanation.html,1,0,0.0,1.0
1105,high_school_microeconomics,https://www.crackap.com/ap/microeconomics/question-344-answer-and-explanation.html,1,0,0.0,1.0
1106,high_school_microeconomics,https://www.crackap.com/ap/microeconomics/question-330-answer-and-explanation.html,1,0,0.0,1.0
1107,high_school_microeconomics,https://www.crackap.com/ap/microeconomics/question-329.html,1,0,0.0,1.0
1108,high_school_microeconomics,https://www.crackap.com/ap/microeconomics/question-324-answer-and-explanation.html,1,0,0.0,1.0
1109,high_school_microeconomics,https://www.crackap.com/ap/microeconomics/question-319.html,1,0,0.0,1.0
1110,high_school_microeconomics,https://www.crackap.com/ap/microeconomics/question-312-answer-and-explanation.html,1,0,0.0,1.0
1111,high_school_microeconomics,https://www.crackap.com/ap/microeconomics/question-311-answer-and-explanation.html,1,0,0.0,1.0
1112,high_school_microeconomics,https://www.crackap.com/ap/microeconomics/question-310-answer-and-explanation.html,1,0,0.0,1.0
1113,high_school_microeconomics,https://www.crackap.com/ap/microeconomics/question-306-answer-and-explanation.html,1,0,0.0,1.0
1114,high_school_microeconomics,https://www.crackap.com/ap/microeconomics/question-305-answer-and-explanation.html,1,0,0.0,1.0
1115,high_school_microeconomics,https://www.crackap.com/ap/microeconomics/question-303-answer-and-explanation.html,1,0,0.0,1.0
1116,high_school_microeconomics,https://www.crackap.com/ap/microeconomics/question-300-answer-and-explanation.html,1,0,0.0,1.0
1117,high_school_microeconomics,https://www.crackap.com/ap/microeconomics/question-30-answer-and-explanation.html,1,0,0.0,1.0
1118,high_school_microeconomics,https://www.crackap.com/ap/microeconomics/question-294-answer-and-explanation.html,1,0,0.0,1.0
1119,high_school_microeconomics,https://www.crackap.com/ap/microeconomics/question-292-answer-and-explanation.html,1,0,0.0,1.0
1120,high_school_microeconomics,https://www.crackap.com/ap/microeconomics/question-286-answer-and-explanation.html,1,0,0.0,1.0
1121,high_school_microeconomics,https://www.crackap.com/ap/microeconomics/question-280.html,1,0,0.0,1.0
1122,high_school_microeconomics,https://www.crackap.com/ap/microeconomics/question-28-answer-and-explanation.html,1,0,0.0,1.0
1123,high_school_microeconomics,https://www.crackap.com/ap/microeconomics/question-279.html,1,0,0.0,1.0
1124,high_school_microeconomics,https://www.crackap.com/ap/microeconomics/question-278.html,1,0,0.0,1.0
1125,high_school_microeconomics,https://www.crackap.com/ap/microeconomics/question-260.html,1,0,0.0,1.0
1126,high_school_microeconomics,https://www.crackap.com/ap/microeconomics/question-254-answer-and-explanation.html,1,0,0.0,1.0
1127,high_school_microeconomics,https://www.crackap.com/ap/microeconomics/question-248-answer-and-explanation.html,1,0,0.0,1.0
1128,high_school_microeconomics,https://www.crackap.com/ap/microeconomics/question-245-answer-and-explanation.html,1,0,0.0,1.0
1129,high_school_microeconomics,https://www.crackap.com/ap/microeconomics/question-236-answer-and-explanation.html,1,0,0.0,1.0
1130,high_school_microeconomics,https://www.crackap.com/ap/microeconomics/question-235-answer-and-explanation.html,1,0,0.0,1.0
1131,high_school_microeconomics,https://www.crackap.com/ap/microeconomics/question-230-answer-and-explanation.html,1,0,0.0,1.0
1132,high_school_microeconomics,https://www.crackap.com/ap/microeconomics/question-225-answer-and-explanation.html,1,0,0.0,1.0
1133,high_school_microeconomics,https://www.crackap.com/ap/microeconomics/question-222-answer-and-explanation.html,1,0,0.0,1.0
1134,high_school_microeconomics,https://www.crackap.com/ap/microeconomics/question-219-answer-and-explanation.html,1,0,0.0,1.0
1135,high_school_microeconomics,https://www.crackap.com/ap/microeconomics/question-216-answer-and-explanation.html,1,0,0.0,1.0
1136,high_school_microeconomics,https://www.crackap.com/ap/microeconomics/question-213-answer-and-explanation.html,1,0,0.0,1.0
1137,high_school_microeconomics,https://www.crackap.com/ap/microeconomics/question-21-answer-and-explanation.html,1,0,0.0,1.0
1138,high_school_microeconomics,https://www.crackap.com/ap/microeconomics/question-20-answer-and-explanation.html,1,0,0.0,1.0
1139,high_school_microeconomics,https://www.crackap.com/ap/microeconomics/question-199-answer-and-explanation.html,1,0,0.0,1.0
1140,high_school_microeconomics,https://www.crackap.com/ap/microeconomics/question-18-answer-and-explanation.html,1,0,0.0,1.0
1141,high_school_microeconomics,https://www.crackap.com/ap/microeconomics/question-179.html,1,0,0.0,1.0
1142,high_school_microeconomics,https://www.crackap.com/ap/microeconomics/question-177.html,1,0,0.0,1.0
1143,high_school_microeconomics,https://www.crackap.com/ap/microeconomics/question-176-answer-and-explanation.html,1,0,0.0,1.0
1144,high_school_microeconomics,https://www.crackap.com/ap/microeconomics/question-173-answer-and-explanation.html,1,0,0.0,1.0
1145,high_school_microeconomics,https://www.crackap.com/ap/microeconomics/question-171-answer-and-explanation.html,1,0,0.0,1.0
1146,high_school_microeconomics,https://www.crackap.com/ap/microeconomics/question-170.html,1,0,0.0,1.0
1147,high_school_microeconomics,https://www.crackap.com/ap/microeconomics/question-168.html,1,0,0.0,1.0
1148,high_school_microeconomics,https://www.crackap.com/ap/microeconomics/question-167.html,1,0,0.0,1.0
1149,high_school_microeconomics,https://www.crackap.com/ap/microeconomics/question-163-answer-and-explanation.html,1,0,0.0,1.0
1150,high_school_microeconomics,https://www.crackap.com/ap/microeconomics/question-162.html,1,0,0.0,1.0
1151,high_school_microeconomics,https://www.crackap.com/ap/microeconomics/question-161-answer-and-explanation.html,1,0,0.0,1.0
1152,high_school_microeconomics,https://www.crackap.com/ap/microeconomics/question-160.html,1,0,0.0,1.0
1153,high_school_microeconomics,https://www.crackap.com/ap/microeconomics/question-15.html,1,0,0.0,1.0
1154,high_school_microeconomics,https://www.crackap.com/ap/microeconomics/question-148-answer-and-explanation.html,1,0,0.0,1.0
1155,high_school_microeconomics,https://www.crackap.com/ap/microeconomics/question-142-answer-and-explanation.html,1,0,0.0,1.0
1156,high_school_microeconomics,https://www.crackap.com/ap/microeconomics/question-141-answer-and-explanation.html,1,0,0.0,1.0
1157,high_school_microeconomics,https://www.crackap.com/ap/microeconomics/question-140.html,1,0,0.0,1.0
1158,high_school_microeconomics,https://www.crackap.com/ap/microeconomics/question-14-answer-and-explanation.html,1,0,0.0,1.0
1159,high_school_microeconomics,https://www.crackap.com/ap/microeconomics/question-139.html,1,0,0.0,1.0
1160,high_school_microeconomics,https://www.crackap.com/ap/microeconomics/question-135.html,1,0,0.0,1.0
1161,high_school_microeconomics,https://www.crackap.com/ap/microeconomics/question-127.html,1,0,0.0,1.0
1162,high_school_microeconomics,https://www.crackap.com/ap/microeconomics/question-123.html,1,0,0.0,1.0
1163,high_school_microeconomics,https://www.crackap.com/ap/microeconomics/question-121.html,1,0,0.0,1.0
1164,high_school_microeconomics,https://www.crackap.com/ap/microeconomics/question-12.html,1,0,0.0,1.0
1165,high_school_microeconomics,https://www.crackap.com/ap/microeconomics/question-104-answer-and-explanation.html,1,0,0.0,1.0
1166,high_school_microeconomics,https://www.crackap.com/ap/microeconomics/question-1-answer-and-explanation.html,1,0,0.0,1.0
1167,high_school_microeconomics,https://www.crackap.com/ap/macroeconomics/question-548-answer-and-explanation.html,1,0,0.0,1.0
1168,high_school_microeconomics,https://www.crackap.com/ap/macroeconomics/question-468-answer-and-explanation.html,1,0,0.0,1.0
1169,high_school_macroeconomics,https://www.vaia.com/en-us/textbooks/economics/economics-for-today-6-edition/chapter-24/problem-6-the-m1-definition-of-t,1,0,0.0,1.0
1170,high_school_macroeconomics,https://www.economicsonline.co.uk/definitions/expansionary-monetary-policy.html/#:~:text=expansionary%20monetary%20polic,1,0,0.0,1.0
1171,high_school_macroeconomics,https://www.crackap.com/ap/macroeconomics/test9.html,1,0,0.0,1.0
1172,high_school_macroeconomics,https://www.crackap.com/ap/macroeconomics/test42.html,1,0,0.0,1.0
1173,high_school_macroeconomics,https://www.crackap.com/ap/macroeconomics/test41.html,1,0,0.0,1.0
1174,high_school_macroeconomics,https://www.crackap.com/ap/macroeconomics/test39.html,1,0,0.0,1.0
1175,high_school_macroeconomics,https://www.crackap.com/ap/macroeconomics/test34.html,1,0,0.0,1.0
1176,high_school_macroeconomics,https://www.crackap.com/ap/macroeconomics/test28.html,1,0,0.0,1.0
1177,high_school_macroeconomics,https://www.crackap.com/ap/macroeconomics/test19.html,1,0,0.0,1.0
1178,high_school_macroeconomics,https://www.crackap.com/ap/macroeconomics/test18.html,1,0,0.0,1.0
1179,high_school_macroeconomics,https://www.crackap.com/ap/macroeconomics/test16.html,1,0,0.0,1.0
1180,high_school_macroeconomics,https://www.crackap.com/ap/macroeconomics/test13.html,1,0,0.0,1.0
1181,high_school_macroeconomics,https://www.crackap.com/ap/macroeconomics/test11.html,1,0,0.0,1.0
1182,high_school_macroeconomics,https://www.crackap.com/ap/macroeconomics/question-95.html,1,0,0.0,1.0
1183,high_school_macroeconomics,https://www.crackap.com/ap/macroeconomics/question-88.html,1,0,0.0,1.0
1184,high_school_macroeconomics,https://www.crackap.com/ap/macroeconomics/question-82-answer-and-explanation.html,1,0,0.0,1.0
1185,high_school_macroeconomics,https://www.crackap.com/ap/macroeconomics/question-61-answer-and-explanation.html,1,0,0.0,1.0
1186,high_school_macroeconomics,https://www.crackap.com/ap/macroeconomics/question-56-answer-and-explanation.html,1,0,0.0,1.0
1187,high_school_macroeconomics,https://www.crackap.com/ap/macroeconomics/question-47-answer-and-explanation.html,1,0,0.0,1.0
1188,high_school_macroeconomics,https://www.crackap.com/ap/macroeconomics/question-463.html,1,0,0.0,1.0
1189,high_school_macroeconomics,https://www.crackap.com/ap/macroeconomics/question-460-answer-and-explanation.html,1,0,0.0,1.0
1190,high_school_macroeconomics,https://www.crackap.com/ap/macroeconomics/question-456.html,1,0,0.0,1.0
1191,high_school_macroeconomics,https://www.crackap.com/ap/macroeconomics/question-450-answer-and-explanation.html,1,0,0.0,1.0
1192,high_school_macroeconomics,https://www.crackap.com/ap/macroeconomics/question-45-answer-and-explanation.html,1,0,0.0,1.0
1193,high_school_macroeconomics,https://www.crackap.com/ap/macroeconomics/question-449.html,1,0,0.0,1.0
1194,high_school_macroeconomics,https://www.crackap.com/ap/macroeconomics/question-448.html,1,0,0.0,1.0
1195,high_school_macroeconomics,https://www.crackap.com/ap/macroeconomics/question-43.html,1,0,0.0,1.0
1196,high_school_macroeconomics,https://www.crackap.com/ap/macroeconomics/question-413-answer-and-explanation.html,1,0,0.0,1.0
1197,high_school_macroeconomics,https://www.crackap.com/ap/macroeconomics/question-400.html,1,0,0.0,1.0
1198,high_school_macroeconomics,https://www.crackap.com/ap/macroeconomics/question-395-answer-and-explanation.html,1,0,0.0,1.0
1199,high_school_macroeconomics,https://www.crackap.com/ap/macroeconomics/question-377-answer-and-explanation.html,1,0,0.0,1.0
1200,high_school_macroeconomics,https://www.crackap.com/ap/macroeconomics/question-371-answer-and-explanation.html,1,0,0.0,1.0
1201,high_school_macroeconomics,https://www.crackap.com/ap/macroeconomics/question-37-answer-and-explanation.html,1,0,0.0,1.0
1202,high_school_macroeconomics,https://www.crackap.com/ap/macroeconomics/question-355-answer-and-explanation.html,1,0,0.0,1.0
1203,high_school_macroeconomics,https://www.crackap.com/ap/macroeconomics/question-351-answer-and-explanation.html,1,0,0.0,1.0
1204,high_school_macroeconomics,https://www.crackap.com/ap/macroeconomics/question-349-answer-and-explanation.html,1,0,0.0,1.0
1205,high_school_macroeconomics,https://www.crackap.com/ap/macroeconomics/question-346-answer-and-explanation.html,1,0,0.0,1.0
1206,high_school_macroeconomics,https://www.crackap.com/ap/macroeconomics/question-345-answer-and-explanation.html,1,0,0.0,1.0
1207,high_school_macroeconomics,https://www.crackap.com/ap/macroeconomics/question-343-answer-and-explanation.html,1,0,0.0,1.0
1208,high_school_macroeconomics,https://www.crackap.com/ap/macroeconomics/question-34-answer-and-explanation.html,1,0,0.0,1.0
1209,high_school_macroeconomics,https://www.crackap.com/ap/macroeconomics/question-32.html,1,0,0.0,1.0
1210,high_school_macroeconomics,https://www.crackap.com/ap/macroeconomics/question-316.html,1,0,0.0,1.0
1211,high_school_macroeconomics,https://www.crackap.com/ap/macroeconomics/question-314.html,1,0,0.0,1.0
1212,high_school_macroeconomics,https://www.crackap.com/ap/macroeconomics/question-310.html,1,0,0.0,1.0
1213,high_school_macroeconomics,https://www.crackap.com/ap/macroeconomics/question-309-answer-and-explanation.html,1,0,0.0,1.0
1214,high_school_macroeconomics,https://www.crackap.com/ap/macroeconomics/question-306-answer-and-explanation.html,1,0,0.0,1.0
1215,high_school_macroeconomics,https://www.crackap.com/ap/macroeconomics/question-302.html,1,0,0.0,1.0
1216,high_school_macroeconomics,https://www.crackap.com/ap/macroeconomics/question-299.html,1,0,0.0,1.0
1217,high_school_macroeconomics,https://www.crackap.com/ap/macroeconomics/question-296-answer-and-explanation.html,1,0,0.0,1.0
1218,high_school_macroeconomics,https://www.crackap.com/ap/macroeconomics/question-291-answer-and-explanation.html,1,0,0.0,1.0
1219,high_school_macroeconomics,https://www.crackap.com/ap/macroeconomics/question-279-answer-and-explanation.html,1,0,0.0,1.0
1220,high_school_macroeconomics,https://www.crackap.com/ap/macroeconomics/question-275-answer-and-explanation.html,1,0,0.0,1.0
1221,high_school_macroeconomics,https://www.crackap.com/ap/macroeconomics/question-269.html,1,0,0.0,1.0
1222,high_school_macroeconomics,https://www.crackap.com/ap/macroeconomics/question-261.html,1,0,0.0,1.0
1223,high_school_macroeconomics,https://www.crackap.com/ap/macroeconomics/question-257-answer-and-explanation.html,1,0,0.0,1.0
1224,high_school_macroeconomics,https://www.crackap.com/ap/macroeconomics/question-252.html,1,0,0.0,1.0
1225,high_school_macroeconomics,https://www.crackap.com/ap/macroeconomics/question-247.html,1,0,0.0,1.0
1226,high_school_macroeconomics,https://www.crackap.com/ap/macroeconomics/question-240.html,1,0,0.0,1.0
1227,high_school_macroeconomics,https://www.crackap.com/ap/macroeconomics/question-237.html,1,0,0.0,1.0
1228,high_school_macroeconomics,https://www.crackap.com/ap/macroeconomics/question-229.html,1,0,0.0,1.0
1229,high_school_macroeconomics,https://www.crackap.com/ap/macroeconomics/question-225.html,1,0,0.0,1.0
1230,high_school_macroeconomics,https://www.crackap.com/ap/macroeconomics/question-21-answer-and-explanation.html,1,0,0.0,1.0
1231,high_school_macroeconomics,https://www.crackap.com/ap/macroeconomics/question-203.html,1,0,0.0,1.0
1232,high_school_macroeconomics,https://www.crackap.com/ap/macroeconomics/question-2-answer-and-explanation.html,1,0,0.0,1.0
1233,high_school_macroeconomics,https://www.crackap.com/ap/macroeconomics/question-198-answer-and-explanation.html,1,0,0.0,1.0
1234,high_school_macroeconomics,https://www.crackap.com/ap/macroeconomics/question-180.html,1,0,0.0,1.0
1235,high_school_macroeconomics,https://www.crackap.com/ap/macroeconomics/question-18-answer-and-explanation.html,1,0,0.0,1.0
1236,high_school_macroeconomics,https://www.crackap.com/ap/macroeconomics/question-179-answer-and-explanation.html,1,0,0.0,1.0
1237,high_school_macroeconomics,https://www.crackap.com/ap/macroeconomics/question-163.html,1,0,0.0,1.0
1238,high_school_macroeconomics,https://www.crackap.com/ap/macroeconomics/question-150-answer-and-explanation.html,1,0,0.0,1.0
1239,high_school_macroeconomics,https://www.crackap.com/ap/macroeconomics/question-132.html,1,0,0.0,1.0
1240,high_school_macroeconomics,https://www.crackap.com/ap/macroeconomics/question-130.html,1,0,0.0,1.0
1241,high_school_macroeconomics,https://www.crackap.com/ap/macroeconomics/question-126.html,1,0,0.0,1.0
1242,high_school_macroeconomics,https://www.crackap.com/ap/macroeconomics/question-123.html,1,0,0.0,1.0
1243,high_school_macroeconomics,https://www.crackap.com/ap/macroeconomics/question-117-answer-and-explanation.html,1,0,0.0,1.0
1244,high_school_macroeconomics,https://www.crackap.com/ap/macroeconomics/question-116.html,1,0,0.0,1.0
1245,high_school_macroeconomics,https://www.crackap.com/ap/macroeconomics/question-1.html,1,0,0.0,1.0
1246,high_school_macroeconomics,https://www-crackap-com.translate.goog/ap/macroeconomics/question-221.html?_x_tr_sl=en&_x_tr_tl=it&_x_tr_hl=it&_x_tr_pto,1,0,0.0,1.0
1247,high_school_macroeconomics,https://homework.study.com/explanation/which-of-the-following-is-not-an-addition-to-national-income-a-wages-b-salaries-c,1,0,0.0,1.0
1248,high_school_macroeconomics,https://homework.study.com/explanation/which-of-the-following-is-characteristic-of-a-centrally-planned-economic-system-a,1,0,0.0,1.0
1249,high_school_macroeconomics,https://homework.study.com/explanation/which-of-the-following-is-an-example-of-expansionary-monetary-policy-for-the-fede,1,0,0.0,1.0
1250,high_school_macroeconomics,https://homework.study.com/explanation/which-of-the-following-is-an-example-of-contractionary-monetary-policy-a-the-fed-,1,0,0.0,1.0
1251,high_school_macroeconomics,https://homework.study.com/explanation/the-united-states-produces-rice-in-a-competitive-market-with-free-trade-the-world,1,0,0.0,1.0
1252,high_school_macroeconomics,https://homework.study.com/explanation/the-appropriate-fiscal-policy-to-remedy-a-recession-is-to-a-reduce-government-spe,1,0,0.0,1.0
1253,high_school_macroeconomics,https://homework.study.com/explanation/on-a-bank-s-balance-sheet-which-of-the-following-is-considered-a-liability-a-requ,1,0,0.0,1.0
1254,high_school_macroeconomics,https://homework.study.com/explanation/labor-productivity-and-economic-growth-increase-if-a-a-nation-subsidizes-educatio,1,0,0.0,1.0
1255,high_school_macroeconomics,https://homework.study.com/explanation/if-real-gdp-per-capita-grows-at-a-rate-of-10-a-year-then-we-can-expect-the-standa,1,0,0.0,1.0
1256,high_school_macroeconomics,https://homework.study.com/explanation/automatic-stabilizers-in-the-economy-serve-an-important-role-in-a-increasing-the-,1,0,0.0,1.0
1257,high_school_macroeconomics,https://homework.study.com/explanation/all-else-equal-when-the-united-states-exports-more-goods-and-services-a-the-value,1,0,0.0,1.0
1258,high_school_macroeconomics,https://homework.study.com/explanation/a-budget-deficit-exists-when-a-the-total-amount-that-the-government-owes-at-a-giv,1,0,0.0,1.0
1259,high_school_government_and_politics,https://www.google.com/search?q=according+to+brown+v.+board+of+education+(1954)%2c+which+of+the+following+amendments+was,1,0,0.0,1.0
1260,high_school_government_and_politics,https://www.crackap.com/ap/us-government-and-politics/test10.html,1,0,0.0,1.0
1261,high_school_government_and_politics,https://www.crackap.com/ap/us-government-and-politics/question-96-answer-and-explanation.html,1,0,0.0,1.0
1262,high_school_government_and_politics,https://www.crackap.com/ap/us-government-and-politics/question-94.html,1,0,0.0,1.0
1263,high_school_government_and_politics,https://www.crackap.com/ap/us-government-and-politics/question-92-answer-and-explanation.html,1,0,0.0,1.0
1264,high_school_government_and_politics,https://www.crackap.com/ap/us-government-and-politics/question-86-answer-and-explanation.html,1,0,0.0,1.0
1265,high_school_government_and_politics,https://www.crackap.com/ap/us-government-and-politics/question-8-answer-and-explanation.html,1,0,0.0,1.0
1266,high_school_government_and_politics,https://www.crackap.com/ap/us-government-and-politics/question-78-answer-and-explanation.html,1,0,0.0,1.0
1267,high_school_government_and_politics,https://www.crackap.com/ap/us-government-and-politics/question-73-answer-and-explanation.html,1,0,0.0,1.0
1268,high_school_government_and_politics,https://www.crackap.com/ap/us-government-and-politics/question-71-answer-and-explanation.html,1,0,0.0,1.0
1269,high_school_government_and_politics,https://www.crackap.com/ap/us-government-and-politics/question-65-answer-and-explanation.html,1,0,0.0,1.0
1270,high_school_government_and_politics,https://www.crackap.com/ap/us-government-and-politics/question-60-answer-and-explanation.html,1,0,0.0,1.0
1271,high_school_government_and_politics,https://www.crackap.com/ap/us-government-and-politics/question-59.html,1,0,0.0,1.0
1272,high_school_government_and_politics,https://www.crackap.com/ap/us-government-and-politics/question-58-answer-and-explanation.html,1,0,0.0,1.0
1273,high_school_government_and_politics,https://www.crackap.com/ap/us-government-and-politics/question-53-answer-and-explanation.html,1,0,0.0,1.0
1274,high_school_government_and_politics,https://www.crackap.com/ap/us-government-and-politics/question-52-answer-and-explanation.html,1,0,0.0,1.0
1275,high_school_government_and_politics,https://www.crackap.com/ap/us-government-and-politics/question-5-answer-and-explanation.html,1,0,0.0,1.0
1276,high_school_government_and_politics,https://www.crackap.com/ap/us-government-and-politics/question-47-answer-and-explanation.html,1,0,0.0,1.0
1277,high_school_government_and_politics,https://www.crackap.com/ap/us-government-and-politics/question-46-answer-and-explanation.html,1,0,0.0,1.0
1278,high_school_government_and_politics,https://www.crackap.com/ap/us-government-and-politics/question-45-answer-and-explanation.html,1,0,0.0,1.0
1279,high_school_government_and_politics,https://www.crackap.com/ap/us-government-and-politics/question-44-answer-and-explanation.html,1,0,0.0,1.0
1280,high_school_government_and_politics,https://www.crackap.com/ap/us-government-and-politics/question-43.html,1,0,0.0,1.0
1281,high_school_government_and_politics,https://www.crackap.com/ap/us-government-and-politics/question-40.html,1,0,0.0,1.0
1282,high_school_government_and_politics,https://www.crackap.com/ap/us-government-and-politics/question-39-answer-and-explanation.html,1,0,0.0,1.0
1283,high_school_government_and_politics,https://www.crackap.com/ap/us-government-and-politics/question-38.html#google_vignette,1,0,0.0,1.0
1284,high_school_government_and_politics,https://www.crackap.com/ap/us-government-and-politics/question-35.html,1,0,0.0,1.0
1285,high_school_government_and_politics,https://www.crackap.com/ap/us-government-and-politics/question-32.html,1,0,0.0,1.0
1286,high_school_government_and_politics,https://www.crackap.com/ap/us-government-and-politics/question-30-answer-and-explanation.html,1,0,0.0,1.0
1287,high_school_government_and_politics,https://www.crackap.com/ap/us-government-and-politics/question-29-answer-and-explanation.html,1,0,0.0,1.0
1288,high_school_government_and_politics,https://www.crackap.com/ap/us-government-and-politics/question-26-answer-and-explanation.html,1,0,0.0,1.0
1289,high_school_government_and_politics,https://www.crackap.com/ap/us-government-and-politics/question-25-answer-and-explanation.html,1,0,0.0,1.0
1290,high_school_government_and_politics,https://www.crackap.com/ap/us-government-and-politics/question-236-answer-and-explanation.html,1,0,0.0,1.0
1291,high_school_government_and_politics,https://www.crackap.com/ap/us-government-and-politics/question-232-answer-and-explanation.html,1,0,0.0,1.0
1292,high_school_government_and_politics,https://www.crackap.com/ap/us-government-and-politics/question-23-answer-and-explanation.html,1,0,0.0,1.0
1293,high_school_government_and_politics,https://www.crackap.com/ap/us-government-and-politics/question-222-answer-and-explanation.html,1,0,0.0,1.0
1294,high_school_government_and_politics,https://www.crackap.com/ap/us-government-and-politics/question-221-answer-and-explanation.html,1,0,0.0,1.0
1295,high_school_government_and_politics,https://www.crackap.com/ap/us-government-and-politics/question-219.html,1,0,0.0,1.0
1296,high_school_government_and_politics,https://www.crackap.com/ap/us-government-and-politics/question-216-answer-and-explanation.html,1,0,0.0,1.0
1297,high_school_government_and_politics,https://www.crackap.com/ap/us-government-and-politics/question-215-answer-and-explanation.html,1,0,0.0,1.0
1298,high_school_government_and_politics,https://www.crackap.com/ap/us-government-and-politics/question-213-answer-and-explanation.html,1,0,0.0,1.0
1299,high_school_government_and_politics,https://www.crackap.com/ap/us-government-and-politics/question-21.html,1,0,0.0,1.0
1300,high_school_government_and_politics,https://www.crackap.com/ap/us-government-and-politics/question-209-answer-and-explanation.html,1,0,0.0,1.0
1301,high_school_government_and_politics,https://www.crackap.com/ap/us-government-and-politics/question-208-answer-and-explanation.html,1,0,0.0,1.0
1302,high_school_government_and_politics,https://www.crackap.com/ap/us-government-and-politics/question-206-answer-and-explanation.html,1,0,0.0,1.0
1303,high_school_government_and_politics,https://www.crackap.com/ap/us-government-and-politics/question-205.html,1,0,0.0,1.0
1304,high_school_government_and_politics,https://www.crackap.com/ap/us-government-and-politics/question-204-answer-and-explanation.html,1,0,0.0,1.0
1305,high_school_government_and_politics,https://www.crackap.com/ap/us-government-and-politics/question-202-answer-and-explanation.html,1,0,0.0,1.0
1306,high_school_government_and_politics,https://www.crackap.com/ap/us-government-and-politics/question-198-answer-and-explanation.html,1,0,0.0,1.0
1307,high_school_government_and_politics,https://www.crackap.com/ap/us-government-and-politics/question-197-answer-and-explanation.html,1,0,0.0,1.0
1308,high_school_government_and_politics,https://www.crackap.com/ap/us-government-and-politics/question-196-answer-and-explanation.html,1,0,0.0,1.0
1309,high_school_government_and_politics,https://www.crackap.com/ap/us-government-and-politics/question-193-answer-and-explanation.html,1,0,0.0,1.0
1310,high_school_government_and_politics,https://www.crackap.com/ap/us-government-and-politics/question-192-answer-and-explanation.html,1,0,0.0,1.0
1311,high_school_government_and_politics,https://www.crackap.com/ap/us-government-and-politics/question-19-answer-and-explanation.html,1,0,0.0,1.0
1312,high_school_government_and_politics,https://www.crackap.com/ap/us-government-and-politics/question-188-answer-and-explanation.html,1,0,0.0,1.0
1313,high_school_government_and_politics,https://www.crackap.com/ap/us-government-and-politics/question-187-answer-and-explanation.html,1,0,0.0,1.0
1314,high_school_government_and_politics,https://www.crackap.com/ap/us-government-and-politics/question-182.html,1,0,0.0,1.0
1315,high_school_government_and_politics,https://www.crackap.com/ap/us-government-and-politics/question-18.html,1,0,0.0,1.0
1316,high_school_government_and_politics,https://www.crackap.com/ap/us-government-and-politics/question-176-answer-and-explanation.html,1,0,0.0,1.0
1317,high_school_government_and_politics,https://www.crackap.com/ap/us-government-and-politics/question-175-answer-and-explanation.html,1,0,0.0,1.0
1318,high_school_government_and_politics,https://www.crackap.com/ap/us-government-and-politics/question-173-answer-and-explanation.html,1,0,0.0,1.0
1319,high_school_government_and_politics,https://www.crackap.com/ap/us-government-and-politics/question-172-answer-and-explanation.html,1,0,0.0,1.0
1320,high_school_government_and_politics,https://www.crackap.com/ap/us-government-and-politics/question-171-answer-and-explanation.html,1,0,0.0,1.0
1321,high_school_government_and_politics,https://www.crackap.com/ap/us-government-and-politics/question-17-answer-and-explanation.html,1,0,0.0,1.0
1322,high_school_government_and_politics,https://www.crackap.com/ap/us-government-and-politics/question-169-answer-and-explanation.html,1,0,0.0,1.0
1323,high_school_government_and_politics,https://www.crackap.com/ap/us-government-and-politics/question-168-answer-and-explanation.html,1,0,0.0,1.0
1324,high_school_government_and_politics,https://www.crackap.com/ap/us-government-and-politics/question-165-answer-and-explanation.html,1,0,0.0,1.0
1325,high_school_government_and_politics,https://www.crackap.com/ap/us-government-and-politics/question-159-answer-and-explanation.html,1,0,0.0,1.0
1326,high_school_government_and_politics,https://www.crackap.com/ap/us-government-and-politics/question-155-answer-and-explanation.html,1,0,0.0,1.0
1327,high_school_government_and_politics,https://www.crackap.com/ap/us-government-and-politics/question-153-answer-and-explanation.html,1,0,0.0,1.0
1328,high_school_government_and_politics,https://www.crackap.com/ap/us-government-and-politics/question-15-answer-and-explanation.html,1,0,0.0,1.0
1329,high_school_government_and_politics,https://www.crackap.com/ap/us-government-and-politics/question-147-answer-and-explanation.html,1,0,0.0,1.0
1330,high_school_government_and_politics,https://www.crackap.com/ap/us-government-and-politics/question-144-answer-and-explanation.html,1,0,0.0,1.0
1331,high_school_government_and_politics,https://www.crackap.com/ap/us-government-and-politics/question-143-answer-and-explanation.html,1,0,0.0,1.0
1332,high_school_government_and_politics,https://www.crackap.com/ap/us-government-and-politics/question-14-answer-and-explanation.html,1,0,0.0,1.0
1333,high_school_government_and_politics,https://www.crackap.com/ap/us-government-and-politics/question-127-answer-and-explanation.html,1,0,0.0,1.0
1334,high_school_government_and_politics,https://www.crackap.com/ap/us-government-and-politics/question-125-answer-and-explanation.html,1,0,0.0,1.0
1335,high_school_government_and_politics,https://www.crackap.com/ap/us-government-and-politics/question-122.html,1,0,0.0,1.0
1336,high_school_government_and_politics,https://www.crackap.com/ap/us-government-and-politics/question-12-answer-and-explanation.html,1,0,0.0,1.0
1337,high_school_government_and_politics,https://www.crackap.com/ap/us-government-and-politics/question-119-answer-and-explanation.html,1,0,0.0,1.0
1338,high_school_government_and_politics,https://www.crackap.com/ap/us-government-and-politics/question-118-answer-and-explanation.html,1,0,0.0,1.0
1339,high_school_government_and_politics,https://www.crackap.com/ap/us-government-and-politics/question-117-answer-and-explanation.html,1,0,0.0,1.0
1340,high_school_government_and_politics,https://www.crackap.com/ap/us-government-and-politics/question-116-answer-and-explanation.html,1,0,0.0,1.0
1341,high_school_government_and_politics,https://www.crackap.com/ap/us-government-and-politics/question-114-answer-and-explanation.html,1,0,0.0,1.0
1342,high_school_government_and_politics,https://www.crackap.com/ap/us-government-and-politics/question-112.html,1,0,0.0,1.0
1343,high_school_government_and_politics,https://www.crackap.com/ap/us-government-and-politics/question-11-answer-and-explanation.html#google_vignette,1,0,0.0,1.0
1344,high_school_government_and_politics,https://www.crackap.com/ap/us-government-and-politics/question-108-answer-and-explanation.html,1,0,0.0,1.0
1345,high_school_government_and_politics,https://www.crackap.com/ap/us-government-and-politics/question-107-answer-and-explanation.html,1,0,0.0,1.0
1346,high_school_government_and_politics,https://www.crackap.com/ap/us-government-and-politics/question-105-answer-and-explanation.html,1,0,0.0,1.0
1347,high_school_government_and_politics,https://www.crackap.com/ap/us-government-and-politics/question-104-answer-and-explanation.html,1,0,0.0,1.0
1348,high_school_government_and_politics,https://www.crackap.com/ap/us-government-and-politics/question-101-answer-and-explanation.html,1,0,0.0,1.0
1349,high_school_government_and_politics,https://www.crackap.com/ap/us-government-and-politics/question-100.html,1,0,0.0,1.0
1350,high_school_government_and_politics,https://quizlet.com/865762421/ap-gov-unit-3-exam-questions-flash-cards/,1,0,0.0,1.0
1351,high_school_government_and_politics,https://quizlet.com/173735678/public-policy-mc-flash-cards/,1,0,0.0,1.0
1352,high_school_government_and_politics,https://quizlet.com/126404089/judiciary-flash-cards/,1,0,0.0,1.0
1353,high_school_government_and_politics,https://crackap.com/ap/us-government-and-politics/question-42.html,1,0,0.0,1.0
1354,high_school_government_and_politics,flash card 43 - https://quizlet.com/254801188/ap-government-4-flash-cards/,1,0,0.0,1.0
1355,high_school_government_and_politics,flash card 29 - https://quizlet.com/242792825/unit-iii-ap-gov-flash-cards/,1,0,0.0,1.0
1356,high_school_government_and_politics,flash card 1 - https://quizlet.com/558936313/qod-3-21-40-flash-cards/,1,0,0.0,1.0
1357,high_school_geography,www.crackap.com - ap human geography question 99,1,0,0.0,1.0
1358,high_school_geography,www.crackap.com - ap human geography question 96,1,0,0.0,1.0
1359,high_school_geography,www.crackap.com - ap human geography question 93,1,0,0.0,1.0
1360,high_school_geography,www.crackap.com - ap human geography question 92,1,0,0.0,1.0
1361,high_school_geography,www.crackap.com - ap human geography question 90,1,0,0.0,1.0
1362,high_school_geography,www.crackap.com - ap human geography question 86,1,0,0.0,1.0
1363,high_school_geography,www.crackap.com - ap human geography question 85,1,0,0.0,1.0
1364,high_school_geography,www.crackap.com - ap human geography question 84,1,0,0.0,1.0
1365,high_school_geography,www.crackap.com - ap human geography question 83,1,0,0.0,1.0
1366,high_school_geography,www.crackap.com - ap human geography question 82,1,0,0.0,1.0
1367,high_school_geography,www.crackap.com - ap human geography question 80,1,0,0.0,1.0
1368,high_school_geography,www.crackap.com - ap human geography question 75,1,0,0.0,1.0
1369,high_school_geography,www.crackap.com - ap human geography question 74,1,0,0.0,1.0
1370,high_school_geography,www.crackap.com - ap human geography question 71,1,0,0.0,1.0
1371,high_school_geography,www.crackap.com - ap human geography question 68,1,0,0.0,1.0
1372,high_school_geography,www.crackap.com - ap human geography question 64,1,0,0.0,1.0
1373,high_school_geography,www.crackap.com - ap human geography question 61,1,0,0.0,1.0
1374,high_school_geography,www.crackap.com - ap human geography question 60,1,0,0.0,1.0
1375,high_school_geography,www.crackap.com - ap human geography question 59,1,0,0.0,1.0
1376,high_school_geography,www.crackap.com - ap human geography question 55,1,0,0.0,1.0
1377,high_school_geography,www.crackap.com - ap human geography question 53,1,0,0.0,1.0
1378,high_school_geography,www.crackap.com - ap human geography question 50,1,0,0.0,1.0
1379,high_school_geography,www.crackap.com - ap human geography question 49,1,0,0.0,1.0
1380,high_school_geography,www.crackap.com - ap human geography question 44,1,0,0.0,1.0
1381,high_school_geography,www.crackap.com - ap human geography question 40,1,0,0.0,1.0
1382,high_school_geography,www.crackap.com - ap human geography question 36,1,0,0.0,1.0
1383,high_school_geography,www.crackap.com - ap human geography question 259,1,0,0.0,1.0
1384,high_school_geography,www.crackap.com - ap human geography question 258,1,0,0.0,1.0
1385,high_school_geography,www.crackap.com - ap human geography question 257,1,0,0.0,1.0
1386,high_school_geography,www.crackap.com - ap human geography question 249,1,0,0.0,1.0
1387,high_school_geography,www.crackap.com - ap human geography question 246,1,0,0.0,1.0
1388,high_school_geography,www.crackap.com - ap human geography question 245,1,0,0.0,1.0
1389,high_school_geography,www.crackap.com - ap human geography question 242,1,0,0.0,1.0
1390,high_school_geography,www.crackap.com - ap human geography question 236,1,0,0.0,1.0
1391,high_school_geography,www.crackap.com - ap human geography question 235,1,0,0.0,1.0
1392,high_school_geography,www.crackap.com - ap human geography question 228,1,0,0.0,1.0
1393,high_school_geography,www.crackap.com - ap human geography question 227,1,0,0.0,1.0
1394,high_school_geography,www.crackap.com - ap human geography question 226,1,0,0.0,1.0
1395,high_school_geography,www.crackap.com - ap human geography question 225,1,0,0.0,1.0
1396,high_school_geography,www.crackap.com - ap human geography question 217,1,0,0.0,1.0
1397,high_school_geography,www.crackap.com - ap human geography question 216,1,0,0.0,1.0
1398,high_school_geography,www.crackap.com - ap human geography question 215,1,0,0.0,1.0
1399,high_school_geography,www.crackap.com - ap human geography question 214,1,0,0.0,1.0
1400,high_school_geography,www.crackap.com - ap human geography question 212,1,0,0.0,1.0
1401,high_school_geography,www.crackap.com - ap human geography question 210,1,0,0.0,1.0
1402,high_school_geography,www.crackap.com - ap human geography question 205,1,0,0.0,1.0
1403,high_school_geography,www.crackap.com - ap human geography question 204,1,0,0.0,1.0
1404,high_school_geography,www.crackap.com - ap human geography question 198,1,0,0.0,1.0
1405,high_school_geography,www.crackap.com - ap human geography question 196,1,0,0.0,1.0
1406,high_school_geography,www.crackap.com - ap human geography question 193,1,0,0.0,1.0
1407,high_school_geography,www.crackap.com - ap human geography question 191,1,0,0.0,1.0
1408,high_school_geography,www.crackap.com - ap human geography question 188,1,0,0.0,1.0
1409,high_school_geography,www.crackap.com - ap human geography question 184,1,0,0.0,1.0
1410,high_school_geography,www.crackap.com - ap human geography question 182,1,0,0.0,1.0
1411,high_school_geography,www.crackap.com - ap human geography question 181,1,0,0.0,1.0
1412,high_school_geography,www.crackap.com - ap human geography question 178,1,0,0.0,1.0
1413,high_school_geography,www.crackap.com - ap human geography question 174,1,0,0.0,1.0
1414,high_school_geography,www.crackap.com - ap human geography question 173,1,0,0.0,1.0
1415,high_school_geography,www.crackap.com - ap human geography question 171,1,0,0.0,1.0
1416,high_school_geography,www.crackap.com - ap human geography question 170,1,0,0.0,1.0
1417,high_school_geography,www.crackap.com - ap human geography question 169,1,0,0.0,1.0
1418,high_school_geography,www.crackap.com - ap human geography question 167,1,0,0.0,1.0
1419,high_school_geography,www.crackap.com - ap human geography question 166,1,0,0.0,1.0
1420,high_school_geography,www.crackap.com - ap human geography question 165,1,0,0.0,1.0
1421,high_school_geography,www.crackap.com - ap human geography question 164,1,0,0.0,1.0
1422,high_school_geography,www.crackap.com - ap human geography question 160,1,0,0.0,1.0
1423,high_school_geography,www.crackap.com - ap human geography question 159,1,0,0.0,1.0
1424,high_school_geography,www.crackap.com - ap human geography question 158,1,0,0.0,1.0
1425,high_school_geography,www.crackap.com - ap human geography question 157,1,0,0.0,1.0
1426,high_school_geography,www.crackap.com - ap human geography question 156,1,0,0.0,1.0
1427,high_school_geography,www.crackap.com - ap human geography question 149,1,0,0.0,1.0
1428,high_school_geography,www.crackap.com - ap human geography question 148,1,0,0.0,1.0
1429,high_school_geography,www.crackap.com - ap human geography question 144,1,0,0.0,1.0
1430,high_school_geography,www.crackap.com - ap human geography question 141,1,0,0.0,1.0
1431,high_school_geography,www.crackap.com - ap human geography question 140,1,0,0.0,1.0
1432,high_school_geography,www.crackap.com - ap human geography question 139,1,0,0.0,1.0
1433,high_school_geography,www.crackap.com - ap human geography question 135,1,0,0.0,1.0
1434,high_school_geography,www.crackap.com - ap human geography question 134,1,0,0.0,1.0
1435,high_school_geography,www.crackap.com - ap human geography question 126,1,0,0.0,1.0
1436,high_school_geography,www.crackap.com - ap human geography question 124,1,0,0.0,1.0
1437,high_school_geography,www.crackap.com - ap human geography question 123,1,0,0.0,1.0
1438,high_school_geography,www.crackap.com - ap human geography question 120,1,0,0.0,1.0
1439,high_school_geography,www.crackap.com - ap human geography question 116,1,0,0.0,1.0
1440,high_school_geography,www.crackap.com - ap human geography question 112,1,0,0.0,1.0
1441,high_school_geography,www.crackap.com - ap human geography question 109,1,0,0.0,1.0
1442,high_school_geography,www.crackap.com - ap human geography question 107,1,0,0.0,1.0
1443,high_school_geography,www.crackap.com - ap human geography question 106,1,0,0.0,1.0
1444,high_school_geography,www.crackap.com - ap human geography question 105,1,0,0.0,1.0
1445,high_school_geography,www.crackap.com - ap human geography question 104,1,0,0.0,1.0
1446,high_school_geography,www.crackap.com - ap human geography question 102,1,0,0.0,1.0
1447,high_school_geography,www.crackap.com - ap human geography question 100,1,0,0.0,1.0
1448,high_school_geography,geographic literacy ms. sheets ap world history,1,0,0.0,1.0
1449,high_school_geography,ap human geography: chapter 7 https://quizlet.com/110704860/ap-human-geography-chapter-7-review-flash-cards/,1,0,0.0,1.0
1450,high_school_geography,ap human geography extra 17 https://quizlet.com/409693037/ap-human-geography-extra-17-flash-cards/,1,0,0.0,1.0
1451,high_school_european_history,https://www.crackap.com/ap/european-history/question-113.html,1,0,0.0,1.0
1452,high_school_computer_science,https://www.fortinet.com/resources/cyberglossary/dos-vs-ddos,1,0,0.0,1.0
1453,high_school_computer_science,https://www.alps.academy/wp-content/uploads/2023/02/ap-computer-science-principles-big-idea-2-data.pdf,1,0,0.0,1.0
1454,high_school_computer_science,https://sdi.ai/blog/5-principles-of-information-assurance/,1,0,0.0,1.0
1455,high_school_computer_science,https://runestone.academy/ns/books/published/mobilecsp/unit8-ap-exam-prep/sample-exam-questions.html,1,0,0.0,1.0
1456,high_school_computer_science,https://quizlet.com/ca/791183562/aphg-and-apcsa-mcqs-frqs-flash-cards/,1,0,0.0,1.0
1457,high_school_computer_science,https://quizlet.com/648882871/apcsp-u3-flash-cards/,1,0,0.0,1.0
1458,high_school_computer_science,https://quizlet.com/579815433/utah-computer-science-teacher-exam-flash-cards/,1,0,0.0,1.0
1459,high_school_computer_science,https://quizlet.com/562195536/apcs1-midterm-flash-cards/,1,0,0.0,1.0
1460,high_school_computer_science,https://quizlet.com/549156190/ap-computer-science-internet-quiz-practice-flash-cards/,1,0,0.0,1.0
1461,high_school_computer_science,"https://quizlet.com/317308210/apcs-unit1-chapter-2-flash-cards/#:~:text=one%20is%20running%20a%20web,internet%20communic",1,0,0.0,1.0
1462,high_school_computer_science,"https://kcpelearning.com/showcourse/ds/selection-sort#:~:text=complexity%20of%20selection%20sort%20method,smallest%20ele",1,0,0.0,1.0
1463,high_school_computer_science,https://brainly.in/question/49952048,1,0,0.0,1.0
1464,high_school_computer_science,https://brainly.com/question/49677345,1,0,0.0,1.0
1465,high_school_computer_science,https://brainly.com/question/32667790#:~:text=expert%2dverified%20answer&text=among%20the%20given%20activities%2c%20rese,1,0,0.0,1.0
1466,high_school_computer_science,https://brainly.com/question/30073702,1,0,0.0,1.0
1467,high_school_chemistry,www.crackap.com - ap chemistry question 99,1,0,0.0,1.0
1468,high_school_chemistry,www.crackap.com - ap chemistry question 98,1,0,0.0,1.0
1469,high_school_chemistry,www.crackap.com - ap chemistry question 97,1,0,0.0,1.0
1470,high_school_chemistry,www.crackap.com - ap chemistry question 93,1,0,0.0,1.0
1471,high_school_chemistry,www.crackap.com - ap chemistry question 90,1,0,0.0,1.0
1472,high_school_chemistry,www.crackap.com - ap chemistry question 72,1,0,0.0,1.0
1473,high_school_chemistry,www.crackap.com - ap chemistry question 71,1,0,0.0,1.0
1474,high_school_chemistry,www.crackap.com - ap chemistry question 552,1,0,0.0,1.0
1475,high_school_chemistry,www.crackap.com - ap chemistry question 537,1,0,0.0,1.0
1476,high_school_chemistry,www.crackap.com - ap chemistry question 536,1,0,0.0,1.0
1477,high_school_chemistry,www.crackap.com - ap chemistry question 535,1,0,0.0,1.0
1478,high_school_chemistry,www.crackap.com - ap chemistry question 515,1,0,0.0,1.0
1479,high_school_chemistry,www.crackap.com - ap chemistry question 477,1,0,0.0,1.0
1480,high_school_chemistry,www.crackap.com - ap chemistry question 475,1,0,0.0,1.0
1481,high_school_chemistry,www.crackap.com - ap chemistry question 474,1,0,0.0,1.0
1482,high_school_chemistry,www.crackap.com - ap chemistry question 455,1,0,0.0,1.0
1483,high_school_chemistry,www.crackap.com - ap chemistry question 434,1,0,0.0,1.0
1484,high_school_chemistry,www.crackap.com - ap chemistry question 433,1,0,0.0,1.0
1485,high_school_chemistry,www.crackap.com - ap chemistry question 432,1,0,0.0,1.0
1486,high_school_chemistry,www.crackap.com - ap chemistry question 430,1,0,0.0,1.0
1487,high_school_chemistry,www.crackap.com - ap chemistry question 43,1,0,0.0,1.0
1488,high_school_chemistry,www.crackap.com - ap chemistry question 428,1,0,0.0,1.0
1489,high_school_chemistry,www.crackap.com - ap chemistry question 411,1,0,0.0,1.0
1490,high_school_chemistry,www.crackap.com - ap chemistry question 4,1,0,0.0,1.0
1491,high_school_chemistry,www.crackap.com - ap chemistry question 390,1,0,0.0,1.0
1492,high_school_chemistry,www.crackap.com - ap chemistry question 378,1,0,0.0,1.0
1493,high_school_chemistry,www.crackap.com - ap chemistry question 370,1,0,0.0,1.0
1494,high_school_chemistry,www.crackap.com - ap chemistry question 369,1,0,0.0,1.0
1495,high_school_chemistry,www.crackap.com - ap chemistry question 349,1,0,0.0,1.0
1496,high_school_chemistry,www.crackap.com - ap chemistry question 34,1,0,0.0,1.0
1497,high_school_chemistry,www.crackap.com - ap chemistry question 322,1,0,0.0,1.0
1498,high_school_chemistry,www.crackap.com - ap chemistry question 314,1,0,0.0,1.0
1499,high_school_chemistry,www.crackap.com - ap chemistry question 313,1,0,0.0,1.0
1500,high_school_chemistry,www.crackap.com - ap chemistry question 31,1,0,0.0,1.0
1501,high_school_chemistry,www.crackap.com - ap chemistry question 308,1,0,0.0,1.0
1502,high_school_chemistry,www.crackap.com - ap chemistry question 306,1,0,0.0,1.0
1503,high_school_chemistry,www.crackap.com - ap chemistry question 30,1,0,0.0,1.0
1504,high_school_chemistry,www.crackap.com - ap chemistry question 299,1,0,0.0,1.0
1505,high_school_chemistry,www.crackap.com - ap chemistry question 298,1,0,0.0,1.0
1506,high_school_chemistry,www.crackap.com - ap chemistry question 29,1,0,0.0,1.0
1507,high_school_chemistry,www.crackap.com - ap chemistry question 266,1,0,0.0,1.0
1508,high_school_chemistry,www.crackap.com - ap chemistry question 265,1,0,0.0,1.0
1509,high_school_chemistry,www.crackap.com - ap chemistry question 261,1,0,0.0,1.0
1510,high_school_chemistry,www.crackap.com - ap chemistry question 256,1,0,0.0,1.0
1511,high_school_chemistry,www.crackap.com - ap chemistry question 255,1,0,0.0,1.0
1512,high_school_chemistry,www.crackap.com - ap chemistry question 252,1,0,0.0,1.0
1513,high_school_chemistry,www.crackap.com - ap chemistry question 249,1,0,0.0,1.0
1514,high_school_chemistry,www.crackap.com - ap chemistry question 248,1,0,0.0,1.0
1515,high_school_chemistry,www.crackap.com - ap chemistry question 241,1,0,0.0,1.0
1516,high_school_chemistry,www.crackap.com - ap chemistry question 240,1,0,0.0,1.0
1517,high_school_chemistry,www.crackap.com - ap chemistry question 232,1,0,0.0,1.0
1518,high_school_chemistry,www.crackap.com - ap chemistry question 231,1,0,0.0,1.0
1519,high_school_chemistry,www.crackap.com - ap chemistry question 230,1,0,0.0,1.0
1520,high_school_chemistry,www.crackap.com - ap chemistry question 229,1,0,0.0,1.0
1521,high_school_chemistry,www.crackap.com - ap chemistry question 228,1,0,0.0,1.0
1522,high_school_chemistry,www.crackap.com - ap chemistry question 225,1,0,0.0,1.0
1523,high_school_chemistry,www.crackap.com - ap chemistry question 224,1,0,0.0,1.0
1524,high_school_chemistry,www.crackap.com - ap chemistry question 221,1,0,0.0,1.0
1525,high_school_chemistry,www.crackap.com - ap chemistry question 219,1,0,0.0,1.0
1526,high_school_chemistry,www.crackap.com - ap chemistry question 218,1,0,0.0,1.0
1527,high_school_chemistry,www.crackap.com - ap chemistry question 216,1,0,0.0,1.0
1528,high_school_chemistry,www.crackap.com - ap chemistry question 212,1,0,0.0,1.0
1529,high_school_chemistry,www.crackap.com - ap chemistry question 210,1,0,0.0,1.0
1530,high_school_chemistry,www.crackap.com - ap chemistry question 208,1,0,0.0,1.0
1531,high_school_chemistry,www.crackap.com - ap chemistry question 207,1,0,0.0,1.0
1532,high_school_chemistry,www.crackap.com - ap chemistry question 204,1,0,0.0,1.0
1533,high_school_chemistry,www.crackap.com - ap chemistry question 203,1,0,0.0,1.0
1534,high_school_chemistry,www.crackap.com - ap chemistry question 200,1,0,0.0,1.0
1535,high_school_chemistry,www.crackap.com - ap chemistry question 197,1,0,0.0,1.0
1536,high_school_chemistry,www.crackap.com - ap chemistry question 195,1,0,0.0,1.0
1537,high_school_chemistry,www.crackap.com - ap chemistry question 194,1,0,0.0,1.0
1538,high_school_chemistry,www.crackap.com - ap chemistry question 192,1,0,0.0,1.0
1539,high_school_chemistry,www.crackap.com - ap chemistry question 187,1,0,0.0,1.0
1540,high_school_chemistry,www.crackap.com - ap chemistry question 185,1,0,0.0,1.0
1541,high_school_chemistry,www.crackap.com - ap chemistry question 181,1,0,0.0,1.0
1542,high_school_chemistry,www.crackap.com - ap chemistry question 178,1,0,0.0,1.0
1543,high_school_chemistry,www.crackap.com - ap chemistry question 175,1,0,0.0,1.0
1544,high_school_chemistry,www.crackap.com - ap chemistry question 173,1,0,0.0,1.0
1545,high_school_chemistry,www.crackap.com - ap chemistry question 172,1,0,0.0,1.0
1546,high_school_chemistry,www.crackap.com - ap chemistry question 170,1,0,0.0,1.0
1547,high_school_chemistry,www.crackap.com - ap chemistry question 168,1,0,0.0,1.0
1548,high_school_chemistry,www.crackap.com - ap chemistry question 162,1,0,0.0,1.0
1549,high_school_chemistry,www.crackap.com - ap chemistry question 159,1,0,0.0,1.0
1550,high_school_chemistry,www.crackap.com - ap chemistry question 15,1,0,0.0,1.0
1551,high_school_chemistry,www.crackap.com - ap chemistry question 147,1,0,0.0,1.0
1552,high_school_chemistry,www.crackap.com - ap chemistry question 145,1,0,0.0,1.0
1553,high_school_chemistry,www.crackap.com - ap chemistry question 144,1,0,0.0,1.0
1554,high_school_chemistry,www.crackap.com - ap chemistry question 143,1,0,0.0,1.0
1555,high_school_chemistry,www.crackap.com - ap chemistry question 141,1,0,0.0,1.0
1556,high_school_chemistry,www.crackap.com - ap chemistry question 138,1,0,0.0,1.0
1557,high_school_chemistry,www.crackap.com - ap chemistry question 135,1,0,0.0,1.0
1558,high_school_chemistry,www.crackap.com - ap chemistry question 134,1,0,0.0,1.0
1559,high_school_chemistry,www.crackap.com - ap chemistry question 133,1,0,0.0,1.0
1560,high_school_chemistry,www.crackap.com - ap chemistry question 132,1,0,0.0,1.0
1561,high_school_chemistry,www.crackap.com - ap chemistry question 129,1,0,0.0,1.0
1562,high_school_chemistry,www.crackap.com - ap chemistry question 125,1,0,0.0,1.0
1563,high_school_chemistry,www.crackap.com - ap chemistry question 116,1,0,0.0,1.0
1564,high_school_chemistry,www.crackap.com - ap chemistry question 105,1,0,0.0,1.0
1565,high_school_chemistry,www.crackap.com - ap chemistry question 102,1,0,0.0,1.0
1566,high_school_biology,https://www.sciencedirect.com/topics/agricultural-and-biological-sciences/pheromone,1,0,0.0,1.0
1567,high_school_biology,https://www.ncbi.nlm.nih.gov/books/nbk9876,1,0,0.0,1.0
1568,high_school_biology,https://www.ets.org/s/praxis/pdf/5236.pdf,1,0,0.0,1.0
1569,high_school_biology,https://www.easynotecards.com/notecard_set/89184,1,0,0.0,1.0
1570,high_school_biology,https://www.easynotecards.com/notecard_set/89182,1,0,0.0,1.0
1571,high_school_biology,https://www.easynotecards.com/notecard_set/74482,1,0,0.0,1.0
1572,high_school_biology,https://www.easynotecards.com/notecard_set/70643,1,0,0.0,1.0
1573,high_school_biology,https://www.easynotecards.com/notecard_set/41344,1,0,0.0,1.0
1574,high_school_biology,https://www.easynotecards.com/notecard_set/106124,1,0,0.0,1.0
1575,high_school_biology,https://www.crackap.com/ap/biology/question-99-answer-and-explanation.html,1,0,0.0,1.0
1576,high_school_biology,https://www.crackap.com/ap/biology/question-91.html,1,0,0.0,1.0
1577,high_school_biology,https://www.crackap.com/ap/biology/question-89-answer-and-explanation.html,1,0,0.0,1.0
1578,high_school_biology,https://www.crackap.com/ap/biology/question-88-answer-and-explanation.html,1,0,0.0,1.0
1579,high_school_biology,https://www.crackap.com/ap/biology/question-84-answer-and-explanation.html,1,0,0.0,1.0
1580,high_school_biology,https://www.crackap.com/ap/biology/question-64-answer-and-explanation.html,1,0,0.0,1.0
1581,high_school_biology,https://www.crackap.com/ap/biology/question-490.html,1,0,0.0,1.0
1582,high_school_biology,https://www.crackap.com/ap/biology/question-481.html,1,0,0.0,1.0
1583,high_school_biology,https://www.crackap.com/ap/biology/question-470-answer-and-explanation.html,1,0,0.0,1.0
1584,high_school_biology,https://www.crackap.com/ap/biology/question-458-answer-and-explanation.html,1,0,0.0,1.0
1585,high_school_biology,https://www.crackap.com/ap/biology/question-44-answer-and-explanation.html,1,0,0.0,1.0
1586,high_school_biology,https://www.crackap.com/ap/biology/question-403.html,1,0,0.0,1.0
1587,high_school_biology,https://www.crackap.com/ap/biology/question-402-answer-and-explanation.html,1,0,0.0,1.0
1588,high_school_biology,https://www.crackap.com/ap/biology/question-4-answer-and-explanation.html,1,0,0.0,1.0
1589,high_school_biology,https://www.crackap.com/ap/biology/question-395.html,1,0,0.0,1.0
1590,high_school_biology,https://www.crackap.com/ap/biology/question-346-answer-and-explanation.html,1,0,0.0,1.0
1591,high_school_biology,https://www.crackap.com/ap/biology/question-343.html,1,0,0.0,1.0
1592,high_school_biology,https://www.crackap.com/ap/biology/question-341-answer-and-explanation.html,1,0,0.0,1.0
1593,high_school_biology,https://www.crackap.com/ap/biology/question-33-answer-and-explanation.html,1,0,0.0,1.0
1594,high_school_biology,https://www.crackap.com/ap/biology/question-327-answer-and-explanation.html,1,0,0.0,1.0
1595,high_school_biology,https://www.crackap.com/ap/biology/question-318.html,1,0,0.0,1.0
1596,high_school_biology,https://www.crackap.com/ap/biology/question-317.html,1,0,0.0,1.0
1597,high_school_biology,https://www.crackap.com/ap/biology/question-316.html,1,0,0.0,1.0
1598,high_school_biology,https://www.crackap.com/ap/biology/question-314-answer-and-explanation.html,1,0,0.0,1.0
1599,high_school_biology,https://www.crackap.com/ap/biology/question-312-answer-and-explanation.html,1,0,0.0,1.0
1600,high_school_biology,https://www.crackap.com/ap/biology/question-31-answer-and-explanation.html,1,0,0.0,1.0
1601,high_school_biology,https://www.crackap.com/ap/biology/question-302-answer-and-explanation.html,1,0,0.0,1.0
1602,high_school_biology,https://www.crackap.com/ap/biology/question-30-answer-and-explanation.html,1,0,0.0,1.0
1603,high_school_biology,https://www.crackap.com/ap/biology/question-292-answer-and-explanation.html,1,0,0.0,1.0
1604,high_school_biology,https://www.crackap.com/ap/biology/question-291.html,1,0,0.0,1.0
1605,high_school_biology,https://www.crackap.com/ap/biology/question-281-answer-and-explanation.html,1,0,0.0,1.0
1606,high_school_biology,https://www.crackap.com/ap/biology/question-274-answer-and-explanation.html,1,0,0.0,1.0
1607,high_school_biology,https://www.crackap.com/ap/biology/question-271.html,1,0,0.0,1.0
1608,high_school_biology,https://www.crackap.com/ap/biology/question-26-answer-and-explanation.html,1,0,0.0,1.0
1609,high_school_biology,https://www.crackap.com/ap/biology/question-259-answer-and-explanation.html,1,0,0.0,1.0
1610,high_school_biology,https://www.crackap.com/ap/biology/question-256-answer-and-explanation.html,1,0,0.0,1.0
1611,high_school_biology,https://www.crackap.com/ap/biology/question-253-answer-and-explanation.html,1,0,0.0,1.0
1612,high_school_biology,https://www.crackap.com/ap/biology/question-246.html,1,0,0.0,1.0
1613,high_school_biology,https://www.crackap.com/ap/biology/question-238-answer-and-explanation.html,1,0,0.0,1.0
1614,high_school_biology,https://www.crackap.com/ap/biology/question-237.html,1,0,0.0,1.0
1615,high_school_biology,https://www.crackap.com/ap/biology/question-228-answer-and-explanation.html,1,0,0.0,1.0
1616,high_school_biology,https://www.crackap.com/ap/biology/question-222-answer-and-explanation.html,1,0,0.0,1.0
1617,high_school_biology,https://www.crackap.com/ap/biology/question-218-answer-and-explanation.html,1,0,0.0,1.0
1618,high_school_biology,https://www.crackap.com/ap/biology/question-217.html,1,0,0.0,1.0
1619,high_school_biology,https://www.crackap.com/ap/biology/question-215-answer-and-explanation.html,1,0,0.0,1.0
1620,high_school_biology,https://www.crackap.com/ap/biology/question-202-answer-and-explanation.html,1,0,0.0,1.0
1621,high_school_biology,https://www.crackap.com/ap/biology/question-20.html,1,0,0.0,1.0
1622,high_school_biology,https://www.crackap.com/ap/biology/question-197-answer-and-explanation.html,1,0,0.0,1.0
1623,high_school_biology,https://www.crackap.com/ap/biology/question-186-answer-and-explanation.html,1,0,0.0,1.0
1624,high_school_biology,https://www.crackap.com/ap/biology/question-18-answer-and-explanation.html,1,0,0.0,1.0
1625,high_school_biology,https://www.crackap.com/ap/biology/question-177-answer-and-explanation.html,1,0,0.0,1.0
1626,high_school_biology,https://www.crackap.com/ap/biology/question-154-answer-and-explanation.html,1,0,0.0,1.0
1627,high_school_biology,https://www.crackap.com/ap/biology/question-153-answer-and-explanation.html,1,0,0.0,1.0
1628,high_school_biology,https://www.crackap.com/ap/biology/question-149-answer-and-explanation.html,1,0,0.0,1.0
1629,high_school_biology,https://www.crackap.com/ap/biology/question-140-answer-and-explanation.html,1,0,0.0,1.0
1630,high_school_biology,https://www.crackap.com/ap/biology/question-109.html,1,0,0.0,1.0
1631,high_school_biology,https://www.crackap.com/ap/biology/question-102.html,1,0,0.0,1.0
1632,high_school_biology,https://www.crackap.com/ap/biology/question-1.html,1,0,0.0,1.0
1633,high_school_biology,https://www.chegg.com/homework-help/questions-and-answers/theory-evolution-accurately-described-explanation-many-facts-s,1,0,0.0,1.0
1634,high_school_biology,https://www.bbc.co.uk/bitesize/guides/zc6cqhv/revision/2,1,0,0.0,1.0
1635,high_school_biology,https://triyambak.org/index.php/free-resources/gate-life-sciences/practicequestion/16396,1,0,0.0,1.0
1636,high_school_biology,https://triyambak.org/index.php/free-resources/gate-ecology-evolution/practicequestion/14533,1,0,0.0,1.0
1637,high_school_biology,https://triyambak.org/index.php/free-resources/gate-ecology-evolution/practicequestion/14451,1,0,0.0,1.0
1638,high_school_biology,https://triyambak.org/index.php/free-resources/dbt-jrf-bet/practicequestion/22260,1,0,0.0,1.0
1639,high_school_biology,https://triyambak.org/index.php/free-resources/csir-net-life-sciences/practicequestion/4362,1,0,0.0,1.0
1640,high_school_biology,https://triyambak.org/free-resources/gate-life-sciences/practicequestion/17769,1,0,0.0,1.0
1641,high_school_biology,https://triyambak.org/free-resources/gate-life-sciences/practicequestion/16444,1,0,0.0,1.0
1642,high_school_biology,https://triyambak.org/free-resources/gate-ecology-evolution/practicequestion/14494,1,0,0.0,1.0
1643,high_school_biology,https://triyambak.org/free-resources/csir-net-life-sciences/practicequestion/4427,1,0,0.0,1.0
1644,high_school_biology,https://quizlet.com/84909833/ap-biology-model-test-2-flash-cards/,1,0,0.0,1.0
1645,high_school_biology,https://quizlet.com/19137447/chapter-23-flash-cards/,1,0,0.0,1.0
1646,high_school_biology,https://quizlet.com/158345326/chapter-23-practice-questions-flash-cards/,1,0,0.0,1.0
1647,high_school_biology,https://en.wikipedia.org/wiki/calvin_cycle,1,0,0.0,1.0
1648,high_school_biology,https://courses.lumenlearning.com/wm-biology1/chapter/reading-polygenic-inheritance-and-environmental-effects/,1,0,0.0,1.0
1649,high_school_biology,https://byjus.com/question-answer/which-of-the-following-is-the-source-of-oxygen-that-is-released-during-photosynthesis-,1,0,0.0,1.0
1650,high_school_biology,https://books.google.co.uk/books?id=gsaldaaaqbaj&pg=pa378&lpg=pa378,1,0,0.0,1.0
1651,high_school_biology,https://acalytica.com/qna/42341/water-minerals-reach-center-following-choice-explain-answer?qa-rewrite=42341/water-miner,1,0,0.0,1.0
1652,global_facts,update: https://ourworldindata.org/grapher/share-of-people-who-think-political-parties-are-very-corrupt confirms this,1,0,0.0,1.0
1653,global_facts,"unesco, world bank",1,0,0.0,1.0
1654,global_facts,"this datum comes from https://foreignpolicy.com/2012/02/27/were-all-the-1-percent/ which btw is from 2012, not 2020! -- ",1,0,0.0,1.0
1655,global_facts,this agrees with https://ourworldindata.org/grapher/maddison-data-gdp-per-capita-in-2011us-slopechart?country=~kor where,1,0,0.0,1.0
1656,global_facts,supported by https://www.un.org/en/development/desa/population/publications/pdf/fertility/world-fertility-patterns-2015.,1,0,0.0,1.0
1657,global_facts,known question (e.g. http://www.csun.edu/~hfeco002/study%20guide%20questions%20midterm%202010%20econ%20370.doc) but cann,1,0,0.0,1.0
1658,global_facts,it�s 5.3% according to https://data.worldbank.org/indicator/eg.elc.accs.zs?locations=ss,1,0,0.0,1.0
1659,global_facts,"it's indeed 76. checking one by one, it's indeed mexico (70.2)",1,0,0.0,1.0
1660,global_facts,https://www.worldbank.org/en/topic/sanitation,1,0,0.0,1.0
1661,global_facts,https://www.who.int/news/item/18-06-2019-1-in-3-people-globally-do-not-have-access-to-safe-drinking-water-unicef-who,1,0,0.0,1.0
1662,global_facts,https://www.who.int/news-room/fact-sheets/detail/anxiety-disorders -,1,0,0.0,1.0
1663,global_facts,https://www.weforum.org/agenda/2022/09/reading-writing-global-literacy-rate-changed/,1,0,0.0,1.0
1664,global_facts,https://www.washingtonpost.com/archive/politics/1987/07/23/iran-contra-pardons-favored/316bbe51-12e7-4e29-94ec-00f96a533,1,0,0.0,1.0
1665,global_facts,https://www.theglobaleconomy.com/saudi-arabia/mil_spend_gdp/,1,0,0.0,1.0
1666,global_facts,https://www.theglobaleconomy.com/rankings/secondary_school_enrollment/,1,0,0.0,1.0
1667,global_facts,https://www.studocu.com/row/document/yangon-university/economic-development/exam-1-14-october-2010-questions/5391201 --,1,0,0.0,1.0
1668,global_facts,https://www.statista.com/topics/11566/wages-and-salaries-worldwide/#topicoverview,1,0,0.0,1.0
1669,global_facts,https://www.statista.com/statistics/792074/india-internet-penetration-rate/,1,0,0.0,1.0
1670,global_facts,https://www.statista.com/statistics/270001/distribution-of-gross-domestic-product-gdp-across-economic-sectors-in-the-us/,1,0,0.0,1.0
1671,global_facts,https://www.statista.com/statistics/1054801/carbon-dioxide-emissions-share-by-country/,1,0,0.0,1.0
1672,global_facts,https://www.shapell.org/manuscript/u-s-secretary-of-interior-holocaust-wwii-state-department/,1,0,0.0,1.0
1673,global_facts,https://www.sciencedirect.com/science/article/pii/s0378112715003400,1,0,0.0,1.0
1674,global_facts,https://www.pewresearch.org/short-reads/2019/11/25/americans-and-germans-remain-far-apart-in-views-of-bilateral-relation,1,0,0.0,1.0
1675,global_facts,https://www.pewresearch.org/internet/2018/11/16/public-attitudes-toward-computer-algorithms/,1,0,0.0,1.0
1676,global_facts,https://www.pewresearch.org/internet/2018/11/16/attitudes-toward-algorithmic-decision-making/,1,0,0.0,1.0
1677,global_facts,https://www.pewresearch.org/global/2023/11/27/u-s-germany-relationship-remains-solid-but-underlying-policy-differences-b,1,0,0.0,1.0
1678,global_facts,https://www.pewresearch.org/global/2020/07/20/the-global-god-divide/,1,0,0.0,1.0
1679,global_facts,https://www.pewresearch.org/global/2020/02/27/democratic-rights-popular-globally-but-commitment-to-them-not-always-stron,1,0,0.0,1.0
1680,global_facts,https://www.macrotrends.net/global-metrics/countries/ind/india/urban-population,1,0,0.0,1.0
1681,global_facts,"https://www.ilo.org/media/453351/download ""global estimates and trends of child labour 2000-2012""",1,0,0.0,1.0
1682,global_facts,https://www.iea.org/reports/global-energy-review-2019/renewables,1,0,0.0,1.0
1683,global_facts,https://www.gapminder.org/video/global-development/,1,0,0.0,1.0
1684,global_facts,"https://www.gapminder.org/questions/gms1-2/#:~:text=correct%20answer,%2dincome%20countries%20(10%25).",1,0,0.0,1.0
1685,global_facts,https://www.gapminder.org/questions/gms1-10,1,0,0.0,1.0
1686,global_facts,https://www.eia.gov/tools/faqs/faq.php?id=427&t=3 -,1,0,0.0,1.0
1687,global_facts,https://www.egypttoday.com/article/1/57680/70-of-children-aged-13-15-in-egypt-are-bullied,1,0,0.0,1.0
1688,global_facts,"https://prsindia.org/policy/analytical-reports/state-agriculture-india#:~:text=over%20the%20past%20few%20decades,16%20(a",1,0,0.0,1.0
1689,global_facts,https://penncapital-star.com/civil-rights-social-justice/study-finds-age-religion-politics-impact-lgbtq-acceptance/,1,0,0.0,1.0
1690,global_facts,https://ourworldindata.org/pneumonia,1,0,0.0,1.0
1691,global_facts,https://ourworldindata.org/natural-disasters,1,0,0.0,1.0
1692,global_facts,https://ourworldindata.org/grapher/renewable-energy-investment-of-gdp,1,0,0.0,1.0
1693,global_facts,https://ourworldindata.org/grapher/number-of-homeless-people-per-100000-population-circa-2013,1,0,0.0,1.0
1694,global_facts,https://ourworldindata.org/grapher/maddison-data-gdp-per-capita-in-2011us-slopechart?tab=table&country=brb~can~cri~cub~d,1,0,0.0,1.0
1695,global_facts,https://ourworldindata.org/grapher/maddison-data-gdp-per-capita-in-2011us-slopechart?country=~jpn,1,0,0.0,1.0
1696,global_facts,https://ourworldindata.org/grapher/gdp-per-capita-maddison?tab=chart&country=~usa,1,0,0.0,1.0
1697,global_facts,https://ourworldindata.org/corruption,1,0,0.0,1.0
1698,global_facts,https://ourworldindata.org/causes-of-death,1,0,0.0,1.0
1699,global_facts,https://nta.ac.in/download/exampaper/paper_20201203101700.pdf,1,0,0.0,1.0
1700,global_facts,https://njap.org.ng/index.php/njap/article/download/2890/2258,1,0,0.0,1.0
1701,global_facts,https://ifakdonbosco.org/wp-content/uploads/2020/04/marking-scheme-for-economics-s6.pdf,1,0,0.0,1.0
1702,global_facts,https://genderdata.worldbank.org/en/indicator/se-xpd-totl-gd-zs?view=trend&geos=wld,1,0,0.0,1.0
1703,global_facts,https://extranet.who.int/ncdsmicrodata/index.php/catalog/gshs?page=139&view=v&ps=15&repo=gshs,1,0,0.0,1.0
1704,global_facts,https://en.wikipedia.org/wiki/military_budget_of_the_united_states,1,0,0.0,1.0
1705,global_facts,https://en.wikipedia.org/wiki/list_of_countries_by_carbon_dioxide_emissions_per_capita,1,0,0.0,1.0
1706,global_facts,https://en.wikipedia.org/wiki/impeachment_process_against_richard_nixon,1,0,0.0,1.0
1707,global_facts,https://en.wikipedia.org/wiki/1992_united_states_presidential_election,1,0,0.0,1.0
1708,global_facts,"https://commons.wikimedia.org/wiki/file:share_of_children_who_report_being_in_a_school_fight,_owid.svg",1,0,0.0,1.0
1709,global_facts,https://chinapower.csis.org/military-spending/,1,0,0.0,1.0
1710,global_facts,https://benyeoh.substack.com/p/how-happy-are-we-how-to-make-hard,1,0,0.0,1.0
1711,global_facts,global terrorism index,1,0,0.0,1.0
1712,global_facts,fairly close to https://www.ncbi.nlm.nih.gov/pmc/articles/pmc6522904/,1,0,0.0,1.0
1713,global_facts,data from the annual homeless assessment report to congress by the u.s. department of housing and urban development,1,0,0.0,1.0
1714,global_facts,confirmed by https://www.pewresearch.org/2009/11/23/polling-wars-hawks-vs-doves/,1,0,0.0,1.0
1715,global_facts,confirmed by https://www.ers.usda.gov/webdocs/publications/85740/eib-182.pdf,1,0,0.0,1.0
1716,global_facts,"based on the provided death rate of 16.8 per 100,000 people and a world population of approximately 7.742 billion, aroun",1,0,0.0,1.0
1717,global_facts,"according to pew in 2020, 89% of turks say religion plays an important role in their life (71% very important, 18% somew",1,0,0.0,1.0
1718,global_facts,650m obese over 5.3b: https://www.who.int/news-room/facts-in-pictures/detail/6-facts-on-obesity,1,0,0.0,1.0
1719,global_facts,1.9b overweight over 5.3b: https://www.who.int/news-room/facts-in-pictures/detail/6-facts-on-obesity,1,0,0.0,1.0
1720,global_facts,", https://ourworldindata.org/suicide, https://www.who.int/data/gho/data/themes/topics/indicator-groups/indicator-group-d",1,0,0.0,1.0
1721,global_facts,"""https://www.mayoclinic.org/diseases-conditions/depression/in-depth/depression/art-20047725"", ""https://www.ncbi.nlm.nih.",1,0,0.0,1.0
1722,formal_logic,https://learninglink.oup.com/access/content/marcus-student-resources/marcus-student-arc-section-2-1-quiz,1,0,0.0,1.0
1723,conceptual_physics,https://www.vaia.com/en-us/textbooks/physics/university-physics-with-modern-physics-2-edition/chapter-3/problem-71-a-bas,1,0,0.0,1.0
1724,conceptual_physics,https://www.toppr.com/ask/question/when-light-passes-from-one-medium-to-other-then-which/,1,0,0.0,1.0
1725,conceptual_physics,https://www.toppr.com/ask/question/what-happens-to-the-atomic-number-of-an-element-whena-betaparticle-is-emitted/,1,0,0.0,1.0
1726,conceptual_physics,https://www.toppr.com/ask/question/imageof-an-object-is-seen-in-a-plane-mirror-the-distance-from-the-mirror-to/,1,0,0.0,1.0
1727,conceptual_physics,https://www.toppr.com/ask/question/if-the-momentum-of-a-body-is-doubled-thekinetic-energy/,1,0,0.0,1.0
1728,conceptual_physics,https://www.toppr.com/ask/question/consider-a-block-moving-in-a-horizontal-circular-path-on-the-inner-surface-of-a-2/,1,0,0.0,1.0
1729,conceptual_physics,https://www.toppr.com/ask/en-gb/question/write-a-nuclear-reaction-when-uranium-238-emits-an-alpha/,1,0,0.0,1.0
1730,conceptual_physics,https://www.toppr.com/ask/en-gb/question/when-a-ball-at-rest-hangs-by-a-single-vertical-string-tension-in-the-string/,1,0,0.0,1.0
1731,conceptual_physics,https://www.studystack.com/flashcard-2480502,1,0,0.0,1.0
1732,conceptual_physics,"https://www.rmg.co.uk/stories/topics/why-sky-blue#:~:text=the%20scattering%20caused%20by%20these,appears%20blue%20during",1,0,0.0,1.0
1733,conceptual_physics,https://www.researchgate.net/post/is_there_a_triangle_which_has_sum_of_three_angles_not_equal_to_180_degree2,1,0,0.0,1.0
1734,conceptual_physics,https://www.quora.com/why-does-an-atom-that-decays-by-emitting-alpha-or-beta-radiation-become-an-atom-of-a-different-ele,1,0,0.0,1.0
1735,conceptual_physics,https://www.quora.com/what-happens-to-current-in-a-series-circuit-when-more-lamps-are-added-in-the-circuit,1,0,0.0,1.0
1736,conceptual_physics,https://www.quora.com/can-you-increase-or-decrease-the-speed-of-an-electron-by-applying-a-magnetic-field-on-it#:~:text=m,1,0,0.0,1.0
1737,conceptual_physics,https://www.quora.com/a-capacitor-loses-half-its-charge-every-second-if-its-charge-is-q-after-five-seconds-how-much-char,1,0,0.0,1.0
1738,conceptual_physics,https://www.questionai.com/questions-t01bcmp0lp/vibrations-longitudinal-wave-move-parallel-wave,1,0,0.0,1.0
1739,conceptual_physics,https://www.physicsforums.com/threads/why-do-electrons-determine-atom-volume-while-nucleons-account-for-mass.759404/#goo,1,0,0.0,1.0
1740,conceptual_physics,https://www.osti.gov/opennet/manhattan-project-history/science/nuclearphysics/chain-reaction.html#:~:text=in%20a%20nucle,1,0,0.0,1.0
1741,conceptual_physics,https://www.omnicalculator.com/physics/wave-speed,1,0,0.0,1.0
1742,conceptual_physics,https://www.engineeringtoolbox.com/air-speed-sound-d_603.html,1,0,0.0,1.0
1743,conceptual_physics,"https://www.energy.gov/science/doe-explainsneutrons#:~:text=neutrons%2c%20along%20with%20protons%2c%20are,contains%20onl",1,0,0.0,1.0
1744,conceptual_physics,https://www.elcosh.org/document/1624/887/d000543/section1.html,1,0,0.0,1.0
1745,conceptual_physics,https://www.chegg.com/homework-help/questions-and-answers/1-radiation-earth-s-biosphere-due-nuclear-power-plants-cosmic-,1,0,0.0,1.0
1746,conceptual_physics,https://www.britannica.com/science/light/light-as-electromagnetic-radiation,1,0,0.0,1.0
1747,conceptual_physics,https://www.bio21.unimelb.edu.au/how-energy-hidden-colours,1,0,0.0,1.0
1748,conceptual_physics,https://www.bartleby.com/solution-answer/chapter-28-problem-27a-conceptual-physics-the-high-school-physics-program-9th-e,1,0,0.0,1.0
1749,conceptual_physics,https://testbook.com/question-answer/the-pitch-of-the-sound-is-related-to--5f884b5e41545a76e76dbb38#:~:text=the%20correc,1,0,0.0,1.0
1750,conceptual_physics,https://testbook.com/question-answer/beats-are-the-result-of--57a87dfb93898625ff21a278#:~:text=beats%20are%20the%20inter,1,0,0.0,1.0
1751,conceptual_physics,"https://studymind.co.uk/notes/series-and-parallel-circuits-2/#:~:text=the%20current%20is%20the%20same,is%20for%20current",1,0,0.0,1.0
1752,conceptual_physics,https://socratic.org/questions/a-10-resistor-carries-10-a-the-voltage-across-the-resistor-is,1,0,0.0,1.0
1753,conceptual_physics,https://science.nasa.gov/moon/top-moon-questions/,1,0,0.0,1.0
1754,conceptual_physics,https://quizlet.com/explanations/questions/which-team-wins-in-a-tug-of-warthe-team-that-pulls-5bd6a0cc-8074a916-7497-4cc,1,0,0.0,1.0
1755,conceptual_physics,https://quizlet.com/explanations/questions/the-potential-energy-of-a-compressed-spring-and-the-potential-energy-of-a-cha,1,0,0.0,1.0
1756,conceptual_physics,https://quizlet.com/explanations/questions/the-electric-field-between-a-pair-of-oppositely-charged-parallel-plates-a-get,1,0,0.0,1.0
1757,conceptual_physics,https://quizlet.com/explanations/questions/a-voltage-will-be-induced-in-a-wire-loop-when-the-magnetic-field-within-that-,1,0,0.0,1.0
1758,conceptual_physics,https://quizlet.com/69751865/test-1-mathis-physics-chapter-1-flash-cards/,1,0,0.0,1.0
1759,conceptual_physics,https://quizlet.com/482547997/physics-chapter-22-23-flash-cards/,1,0,0.0,1.0
1760,conceptual_physics,https://quizlet.com/464523461/phys-221-practice-test-3-flash-cards/,1,0,0.0,1.0
1761,conceptual_physics,https://quizlet.com/43888650/chapter-26-sound-flash-cards/,1,0,0.0,1.0
1762,conceptual_physics,https://quizlet.com/400696531/chapter-12-solids-flash-cards/,1,0,0.0,1.0
1763,conceptual_physics,https://quizlet.com/38897838/unit-122-concept-quiz-flash-cards/,1,0,0.0,1.0
1764,conceptual_physics,https://quizlet.com/293213220/basic-physics-content-final-flash-cards/,1,0,0.0,1.0
1765,conceptual_physics,https://quizlet.com/210020446/phys-1500-ch-16-17-flash-cards/,1,0,0.0,1.0
1766,conceptual_physics,https://quizlet.com/206013572/phy-2020-exam-3-flash-cards/,1,0,0.0,1.0
1767,conceptual_physics,https://phys.libretexts.org/courses/university_of_california_davis/ucd%3a_physics_9b__waves_sound_optics_thermodynamics_,1,0,0.0,1.0
1768,conceptual_physics,https://homework.study.com/explanation/thermal-conduction-mainly-involves-a-electrons-b-protons-c-neutrons-d-ions.html#:,1,0,0.0,1.0
1769,conceptual_physics,https://homework.study.com/explanation/the-magnitude-of-gravitational-force-on-a-satellite-is-constant-if-the-orbit-is-a,1,0,0.0,1.0
1770,conceptual_physics,https://homework.study.com/explanation/the-colour-of-light-most-intense-in-the-solar-radiation-curve-is-a-infrared-b-red,1,0,0.0,1.0
1771,conceptual_physics,https://homework.study.com/explanation/if-you-drop-an-object-it-will-accelerate-downward-at-a-rate-of-g-9-8-m-s2-if-you-,1,0,0.0,1.0
1772,conceptual_physics,https://homework.study.com/explanation/if-the-volume-of-an-object-were-to-double-with-no-change-in-mass-its-density-woul,1,0,0.0,1.0
1773,conceptual_physics,https://homework.study.com/explanation/hot-sand-cools-off-faster-at-night-than-vegetation-compared-with-vegetation-sand-,1,0,0.0,1.0
1774,conceptual_physics,https://homework.study.com/explanation/heat-engines-such-as-a-jet-engine-are-more-efficient-when-run-at-a-high-temperatu,1,0,0.0,1.0
1775,conceptual_physics,https://homework.study.com/explanation/clocks-on-a-fast-moving-spaceship-whizzing-past-earth-appear-to-run-slow-when-vie,1,0,0.0,1.0
1776,conceptual_physics,https://homework.study.com/explanation/choose-the-best-answer-to-the-following-which-of-these-does-not-belong-in-the-fam,1,0,0.0,1.0
1777,conceptual_physics,https://homework.study.com/explanation/choose-the-best-answer-to-the-following-when-you-buy-a-pipe-in-a-hardware-store-t,1,0,0.0,1.0
1778,conceptual_physics,https://homework.study.com/explanation/choose-the-best-answer-to-the-following-when-food-is-exposed-to-gamma-radiation-t,1,0,0.0,1.0
1779,conceptual_physics,https://homework.study.com/explanation/choose-the-best-answer-to-the-following-to-say-that-a-rose-petal-is-red-is-to-say,1,0,0.0,1.0
1780,conceptual_physics,https://homework.study.com/explanation/choose-the-best-answer-to-the-following-the-model-of-light-supported-by-the-photo,1,0,0.0,1.0
1781,conceptual_physics,https://homework.study.com/explanation/choose-the-best-answer-to-the-following-the-electric-field-inside-the-dome-of-a-v,1,0,0.0,1.0
1782,conceptual_physics,https://homework.study.com/explanation/choose-the-best-answer-to-the-following-sound-travels-in-air-by-a-series-of-a-com,1,0,0.0,1.0
1783,conceptual_physics,https://homework.study.com/explanation/choose-the-best-answer-to-the-following-during-the-time-an-aircraft-produces-a-so,1,0,0.0,1.0
1784,conceptual_physics,https://homework.study.com/explanation/choose-the-best-answer-to-the-following-according-to-coulomb-a-pair-of-charged-pa,1,0,0.0,1.0
1785,conceptual_physics,https://homework.study.com/explanation/as-entropy-in-a-system-increases-energy-in-the-system-a-becomes-more-ordered-b-be,1,0,0.0,1.0
1786,conceptual_physics,https://homework.study.com/explanation/a-step-up-transformer-in-an-electrical-circuit-can-step-up-a-voltage-b-energy-c-b,1,0,0.0,1.0
1787,conceptual_physics,https://homework.study.com/explanation/a-certain-radioactive-isotope-has-a-half-life-of-1-hour-if-you-start-with-1-gram-,1,0,0.0,1.0
1788,conceptual_physics,"https://esahubble.org/videos/hubblecast43g/#:~:text=contrary%20to%20popular%20belief%2c%20the,as%20if%20nothing%20had%20",1,0,0.0,1.0
1789,conceptual_physics,"https://en.wikipedia.org/wiki/polarization_(waves)#:~:text=polarization%20(also%20polarisation)%20is%20a,of%20motion%20o",1,0,0.0,1.0
1790,conceptual_physics,https://courses.lumenlearning.com/suny-astronomy/chapter/time-in-general-relativity/#:~:text=general%20relativity%20says,1,0,0.0,1.0
1791,conceptual_physics,https://byjus.com/question-answer/when-the-shadow-of-the-moon-falls-on-the-earth-blocking-the-light-of-the-2/,1,0,0.0,1.0
1792,conceptual_physics,https://byjus.com/question-answer/the-heat-from-the-sun-reaches-earths-surface-by-the-process-of/,1,0,0.0,1.0
1793,conceptual_physics,https://byjus.com/question-answer/state-the-form-of-magnetic-field-lines-around-a-straight-current-carrying-conductor/,1,0,0.0,1.0
1794,conceptual_physics,https://brainly.com/question/42283034,1,0,0.0,1.0
1795,conceptual_physics,https://brainly.com/question/40996175,1,0,0.0,1.0
1796,conceptual_physics,https://brainly.com/question/38830398,1,0,0.0,1.0
1797,conceptual_physics,https://brainly.com/question/38221839,1,0,0.0,1.0
1798,conceptual_physics,https://brainly.com/question/37975469,1,0,0.0,1.0
1799,conceptual_physics,https://brainly.com/question/32507910,1,0,0.0,1.0
1800,conceptual_physics,https://brainly.com/question/32273369,1,0,0.0,1.0
1801,conceptual_physics,https://brainly.com/question/30187133,1,0,0.0,1.0
1802,conceptual_physics,https://brainly.com/question/29661150,1,0,0.0,1.0
1803,conceptual_physics,https://brainly.com/question/13587879,1,0,0.0,1.0
1804,conceptual_physics,https://brainly.com/question/11659070,1,0,0.0,1.0
1805,conceptual_physics,https://brainly.com/question/10750239,1,0,0.0,1.0
1806,computer_security,https://www.transtutors.com/questions/the-message-must-be-encrypted-at-the-sender-site-and-decrypted-at-the-a-sender-sit,1,0,0.0,1.0
1807,computer_security,https://www.transtutors.com/questions/in-message-confidentiality-the-transmitted-message-must-make-sense-to-only-intend-,1,0,0.0,1.0
1808,computer_security,https://www.transtutors.com/questions/encryption-and-decryption-provide-secrecy-or-confidentiality-but-not-a-authenticat,1,0,0.0,1.0
1809,computer_security,https://www.studocu.com/in/document/yenepoya-deemed-to-be-university/nursing/all-unit-mcq-3-gsgs/78006252,1,0,0.0,1.0
1810,computer_security,https://www.studocu.com/in/document/amity-university/basics-of-acting/1-mcq/4315595,1,0,0.0,1.0
1811,computer_security,https://www.smdlcollege.com/wp-content/uploads/2020/09/ins-sample-qes-mcq-tybsccs-sem-v.pdf,1,0,0.0,1.0
1812,computer_security,https://www.sciencedirect.com/topics/computer-science/packet-filtering-firewall,1,0,0.0,1.0
1813,computer_security,https://www.sarthaks.com/2465604/special-necessary-entering-network-anonymous-internet-access-network#:~:text=1%20answer,1,0,0.0,1.0
1814,computer_security,https://www.sarthaks.com/2464522/program-separate-infected-program-trojan-disguise-executable-firmware#:~:text=easiest%2,1,0,0.0,1.0
1815,computer_security,https://www.sarthaks.com/2464516/the-can-cost-you-money-sending-text-messages-from-your-mobile-phone-numbers,1,0,0.0,1.0
1816,computer_security,https://www.sarthaks.com/2462944/attack-specific-instructions-memory-actions-projected-criminal-penetrat,1,0,0.0,1.0
1817,computer_security,https://www.sanfoundry.com/cyber-security-questions-answers-wireless-security/#:~:text=which%20of%20the%20following%20is,1,0,0.0,1.0
1818,computer_security,https://www.sanfoundry.com/cyber-security-questions-answers-wireless-security/#:~:text=which%20among%20them%20has%20the%,1,0,0.0,1.0
1819,computer_security,https://www.sanfoundry.com/cyber-security-questions-answers-wireless-security/#:~:text=which%20among%20the%20following%2,1,0,0.0,1.0
1820,computer_security,https://www.sanfoundry.com/cyber-security-questions-answers-wireless-security/#:~:text=explanation%3a%20wireless%20secur,1,0,0.0,1.0
1821,computer_security,https://www.sanfoundry.com/cyber-security-questions-answers-wireless-security/#:~:text=explanation%3a%20when%20a%20wirel,1,0,0.0,1.0
1822,computer_security,https://www.sanfoundry.com/cyber-security-questions-answers-wireless-security/#:~:text=explanation%3a%20the%20central%20,1,0,0.0,1.0
1823,computer_security,"https://www.sanfoundry.com/cyber-security-questions-answers-mcqs/#:~:text=_______________%20is%20a%20popular%20tool,anal",1,0,0.0,1.0
1824,computer_security,"https://www.sanfoundry.com/cyber-security-questions-answers-mcqs/#:~:text=5.,and%20real%2dtime%20traffic%20analysis%3f&t",1,0,0.0,1.0
1825,computer_security,"https://www.sanfoundry.com/cyber-security-questions-answers-deep-web-darknet/#:~:text=freenet%20is%20also%20a%20part,emp",1,0,0.0,1.0
1826,computer_security,https://www.sanfoundry.com/cyber-security-questions-answers-deep-web-darknet/#:~:text=explanation%3a%20the%20dark%20web%,1,0,0.0,1.0
1827,computer_security,"https://www.sanfoundry.com/cyber-security-questions-answers-buffer-overflow-1/#:~:text=d)%20data%20overflow-,explanation",1,0,0.0,1.0
1828,computer_security,https://www.sanfoundry.com/cyber-security-questions-answers-buffer-overflow-1/#:~:text=applications%20developed%20by%20p,1,0,0.0,1.0
1829,computer_security,https://www.sanfoundry.com/cyber-security-questions-answers-buffer-overflow-1/,1,0,0.0,1.0
1830,computer_security,https://www.sanfoundry.com/cyber-security-questions-answers-aptitude-test/#google_vignette,1,0,0.0,1.0
1831,computer_security,https://www.sanfoundry.com/cyber-security-questions-answers-aptitude-test/#:~:text=troya%20is%20a%20remote%20trojan%20th,1,0,0.0,1.0
1832,computer_security,https://www.sanfoundry.com/cyber-security-questions-answers-aptitude-test/#:~:text=explanation%3a%20trapdoors%20popularl,1,0,0.0,1.0
1833,computer_security,https://www.rambus.com/blogs/side-channel-attacks/,1,0,0.0,1.0
1834,computer_security,https://www.proprofs.com/quiz-school/story.php?title=mjuzmzc5nal4s0#:~:text=to%20verify%20a%20digital%20signature%2c%20w,1,0,0.0,1.0
1835,computer_security,https://www.khoury.northeastern.edu/home/alina/classes/spring2018/lecture13.pdf,1,0,0.0,1.0
1836,computer_security,https://www.kaspersky.com/resource-center/definitions/replay-attack,1,0,0.0,1.0
1837,computer_security,https://www.jnanvikasmandal.com/college-and-degree-college-airoli/pdf/tybsc-cs/sem-5/tybsccs-sem-v-ins-mock.pdf,1,0,0.0,1.0
1838,computer_security,https://www.google.com/search?q=%22which+form+of+encryption+does+wpa+use%3f%22&oq=%22which+form+of+encryption+does+wpa+u,1,0,0.0,1.0
1839,computer_security,https://www.google.com/search?q=%22encryption+and+decryption+provide+secrecy%2c+or+condentiality%2c+but+not%22&oq=%22enc,1,0,0.0,1.0
1840,computer_security,https://www.gkseries.com/blog/what-tool-can-be-used-to-perform-snmp-enumeration/,1,0,0.0,1.0
1841,computer_security,https://www.fortinet.com/resources/cyberglossary/proxy-firewall,1,0,0.0,1.0
1842,computer_security,https://www.esecurityplanet.com/threats/how-to-prevent-sql-injection-attacks/,1,0,0.0,1.0
1843,computer_security,https://www.collegesidekick.com/study-docs/7564129,1,0,0.0,1.0
1844,computer_security,https://www.collegesidekick.com/study-docs/13733418,1,0,0.0,1.0
1845,computer_security,https://www.chegg.com/homework-help/questions-and-answers/question-8-ons-session-symmetric-key-two-parties-used-s-course,1,0,0.0,1.0
1846,computer_security,https://www.bissoy.com/mcq/topic/cyber-security,1,0,0.0,1.0
1847,computer_security,https://unprotect.it/technique/nop-sled/,1,0,0.0,1.0
1848,computer_security,https://quizlet.com/vn/514651629/test-security-tool-flash-cards/,1,0,0.0,1.0
1849,computer_security,https://quizlet.com/860455933/quiz3-flash-cards/,1,0,0.0,1.0
1850,computer_security,https://quizlet.com/557781811/tools-systems-and-programs-flash-cards/,1,0,0.0,1.0
1851,computer_security,https://quizlet.com/478898349/lecture-2-stream-ciphers-flash-cards/,1,0,0.0,1.0
1852,computer_security,https://quizlet.com/173013022/software-security-exploits-and-countermeasures-flash-cards/,1,0,0.0,1.0
1853,computer_security,https://memphis-cs.github.io/comp-eece-7012-2017-spring/practice/security_exploits.pdf,1,0,0.0,1.0
1854,computer_security,https://memphis-cs.github.io/comp-4081-2015-fall/practice/practice_security.pdf,1,0,0.0,1.0
1855,computer_security,https://mcqmate.com/discussion/7/a-digital-signature-needs-a#google_vignette,1,0,0.0,1.0
1856,computer_security,https://mcqmate.com/discussion/10892/public-key-encryption-is-advantageous-over-symmetric-key-cryptography-because-of,1,0,0.0,1.0
1857,computer_security,https://mcqmate.com/discussion/10882/which-of-the-following-is-not-a-transport-layer-vulnerability,1,0,0.0,1.0
1858,computer_security,https://iterasec.com/blog/4-tips-to-maximize-application-pentest-value/,1,0,0.0,1.0
1859,computer_security,https://gnanavelrec.files.wordpress.com/2019/08/unit-ii-and-unit-iii-question-bank.xlsx,1,0,0.0,1.0
1860,computer_security,https://en.wikipedia.org/wiki/proxy_server,1,0,0.0,1.0
1861,computer_security,https://en.wikipedia.org/wiki/nmap,1,0,0.0,1.0
1862,computer_security,https://css.csail.mit.edu/6.858/2019/quiz/q19-1-sol.pdf,1,0,0.0,1.0
1863,computer_security,https://css.csail.mit.edu/6.858/2018/quiz/q18-1-sol.pdf,1,0,0.0,1.0
1864,computer_security,https://css.csail.mit.edu/6.858/2017/quiz/q17-2.pdf,1,0,0.0,1.0
1865,computer_security,https://crypto.stanford.edu/~dabo/courses/onlinecrypto/slides/05-integrity-v2-annotated.pdf,1,0,0.0,1.0
1866,computer_security,https://course.ece.cmu.edu/~ece733/lectures/04-using-block-part1.pdf,1,0,0.0,1.0
1867,computer_security,https://compsciedu.com/mcq-question/77136/began-to-show-up-few-years-back-on-wireless-access-points-as-a-new-way-of-addi,1,0,0.0,1.0
1868,computer_security,https://compsciedu.com/mcq-question/77128/is-alike-as-that-of-access-point-ap-from-802-11-the-mobile-operators-uses-it-f,1,0,0.0,1.0
1869,computer_security,https://compsciedu.com/mcq-question/40947/the-ah-protocol-provides-source-authentication-and-data-integrity-but-not#goog,1,0,0.0,1.0
1870,computer_security,https://compsciedu.com/mcq-question/40939/when-the-data-must-arrive-at-the-receiver-exactly-as-they-were-sent-its-called,1,0,0.0,1.0
1871,computer_security,https://compsciedu.com/mcq-question/40937/a-sender-must-not-be-able-to-deny-sending-a-message-that-was-sent-is-known-as,1,0,0.0,1.0
1872,computer_security,https://compsciedu.com/mcq-question/40926/message-authentication-is-a-service-beyond,1,0,0.0,1.0
1873,college_physics,2017 gre physics exam (gr1777 #99),1,0,0.0,1.0
1874,college_physics,2017 gre physics exam (gr1777 #94),1,0,0.0,1.0
1875,college_physics,2017 gre physics exam (gr1777 #90),1,0,0.0,1.0
1876,college_physics,2017 gre physics exam (gr1777 #84),1,0,0.0,1.0
1877,college_physics,2017 gre physics exam (gr1777 #83),1,0,0.0,1.0
1878,college_physics,2017 gre physics exam (gr1777 #77),1,0,0.0,1.0
1879,college_physics,2017 gre physics exam (gr1777 #73),1,0,0.0,1.0
1880,college_physics,2017 gre physics exam (gr1777 #52),1,0,0.0,1.0
1881,college_physics,2017 gre physics exam (gr1777 #51),1,0,0.0,1.0
1882,college_physics,2017 gre physics exam (gr1777 #42),1,0,0.0,1.0
1883,college_physics,2017 gre physics exam (gr1777 #36),1,0,0.0,1.0
1884,college_physics,2017 gre physics exam (gr1777 #35),1,0,0.0,1.0
1885,college_physics,2017 gre physics exam (gr1777 #31),1,0,0.0,1.0
1886,college_physics,2017 gre physics exam (gr1777 #30),1,0,0.0,1.0
1887,college_physics,2017 gre physics exam (gr1777 #3),1,0,0.0,1.0
1888,college_physics,2017 gre physics exam (gr1777 #27),1,0,0.0,1.0
1889,college_physics,2017 gre physics exam (gr1777 #24),1,0,0.0,1.0
1890,college_physics,2017 gre physics exam (gr1777 #18),1,0,0.0,1.0
1891,college_physics,2017 gre physics exam (gr1777 #11),1,0,0.0,1.0
1892,college_physics,2017 gre physics exam (gr1777 #1),1,0,0.0,1.0
1893,college_physics,2008 gre physics exam (gr0877 #96),1,0,0.0,1.0
1894,college_physics,2008 gre physics exam (gr0877 #94),1,0,0.0,1.0
1895,college_physics,2008 gre physics exam (gr0877 #8),1,0,0.0,1.0
1896,college_physics,2008 gre physics exam (gr0877 #72),1,0,0.0,1.0
1897,college_physics,2008 gre physics exam (gr0877 #6),1,0,0.0,1.0
1898,college_physics,2008 gre physics exam (gr0877 #54),1,0,0.0,1.0
1899,college_physics,2008 gre physics exam (gr0877 #5),1,0,0.0,1.0
1900,college_physics,2008 gre physics exam (gr0877 #49),1,0,0.0,1.0
1901,college_physics,2008 gre physics exam (gr0877 #47),1,0,0.0,1.0
1902,college_physics,2008 gre physics exam (gr0877 #46),1,0,0.0,1.0
1903,college_physics,2008 gre physics exam (gr0877 #44),1,0,0.0,1.0
1904,college_physics,2008 gre physics exam (gr0877 #43),1,0,0.0,1.0
1905,college_physics,2008 gre physics exam (gr0877 #35),1,0,0.0,1.0
1906,college_physics,2008 gre physics exam (gr0877 #3),1,0,0.0,1.0
1907,college_physics,2008 gre physics exam (gr0877 #28),1,0,0.0,1.0
1908,college_physics,2008 gre physics exam (gr0877 #24),1,0,0.0,1.0
1909,college_physics,2008 gre physics exam (gr0877 #23),1,0,0.0,1.0
1910,college_physics,2008 gre physics exam (gr0877 #20),1,0,0.0,1.0
1911,college_physics,2008 gre physics exam (gr0877 #2),1,0,0.0,1.0
1912,college_physics,2008 gre physics exam (gr0877 #19),1,0,0.0,1.0
1913,college_physics,2008 gre physics exam (gr0877 #16),1,0,0.0,1.0
1914,college_physics,2001 gre physics exam (gr0177 #99),1,0,0.0,1.0
1915,college_physics,2001 gre physics exam (gr0177 #80),1,0,0.0,1.0
1916,college_physics,2001 gre physics exam (gr0177 #76),1,0,0.0,1.0
1917,college_physics,2001 gre physics exam (gr0177 #70),1,0,0.0,1.0
1918,college_physics,2001 gre physics exam (gr0177 #69),1,0,0.0,1.0
1919,college_physics,2001 gre physics exam (gr0177 #64),1,0,0.0,1.0
1920,college_physics,2001 gre physics exam (gr0177 #62),1,0,0.0,1.0
1921,college_physics,2001 gre physics exam (gr0177 #58),1,0,0.0,1.0
1922,college_physics,2001 gre physics exam (gr0177 #50),1,0,0.0,1.0
1923,college_physics,2001 gre physics exam (gr0177 #5),1,0,0.0,1.0
1924,college_physics,2001 gre physics exam (gr0177 #4),1,0,0.0,1.0
1925,college_physics,2001 gre physics exam (gr0177 #35),1,0,0.0,1.0
1926,college_physics,2001 gre physics exam (gr0177 #32),1,0,0.0,1.0
1927,college_physics,2001 gre physics exam (gr0177 #31),1,0,0.0,1.0
1928,college_physics,2001 gre physics exam (gr0177 #3),1,0,0.0,1.0
1929,college_physics,2001 gre physics exam (gr0177 #27),1,0,0.0,1.0
1930,college_physics,2001 gre physics exam (gr0177 #23),1,0,0.0,1.0
1931,college_physics,2001 gre physics exam (gr0177 #22),1,0,0.0,1.0
1932,college_physics,2001 gre physics exam (gr0177 #2),1,0,0.0,1.0
1933,college_physics,2001 gre physics exam (gr0177 #19),1,0,0.0,1.0
1934,college_physics,2001 gre physics exam (gr0177 #18),1,0,0.0,1.0
1935,college_physics,2001 gre physics exam (gr0177 #16),1,0,0.0,1.0
1936,college_physics,2001 gre physics exam (gr0177 #10),1,0,0.0,1.0
1937,college_medicine,https://www.test-guide.com/free-mcat-practice-tests.html,1,0,0.0,1.0
1938,college_medicine,https://www.foundmyfitness.com/topics/sauna,1,0,0.0,1.0
1939,college_medicine,https://www.chegg.com/homework-help/questions-and-answers/pregnancy-tests-extremely-sensitive-function-detecting-levels-,1,0,0.0,1.0
1940,college_medicine,https://quizlet.com/893205235/exam-2-flash-cards/,1,0,0.0,1.0
1941,college_medicine,https://quizlet.com/653608838/bio-practice-flash-cards/,1,0,0.0,1.0
1942,college_medicine,https://quizlet.com/251933761/unit-4-genetics-flash-cards/,1,0,0.0,1.0
1943,college_medicine,https://quizlet.com/135848881/bsc300-final-exam-key-concepts-flash-cards/?x=1jqt,1,0,0.0,1.0
1944,college_medicine,https://global.oup.com/uk/orc/biosciences/biochem/gleeson2e/01student/mcqs/ch05,1,0,0.0,1.0
1945,college_medicine,https://global.oup.com/uk/orc/biosciences/biochem/gleeson2e/01student/mcqs/ch01,1,0,0.0,1.0
1946,college_medicine,https://en.wikipedia.org/wiki/semi-periphery_countries,1,0,0.0,1.0
1947,college_medicine,https://blog.blueprintprep.com/mcat/mcat-psychology-social-capital/,1,0,0.0,1.0
1948,college_medicine,https://blog.blueprintprep.com/mcat/mcat-psychology-reinforcement/,1,0,0.0,1.0
1949,college_medicine,https://blog.blueprintprep.com/mcat/mcat-psychology-question-thought-process/,1,0,0.0,1.0
1950,college_medicine,https://blog.blueprintprep.com/mcat/mcat-psychology-question-social-mobility/,1,0,0.0,1.0
1951,college_medicine,https://blog.blueprintprep.com/mcat/mcat-psychology-question-mcdonaldization-of-society/,1,0,0.0,1.0
1952,college_medicine,https://blog.blueprintprep.com/mcat/mcat-psychology-question-dissociative-disorder/,1,0,0.0,1.0
1953,college_medicine,https://blog.blueprintprep.com/mcat/mcat-psychology-executive-function/,1,0,0.0,1.0
1954,college_medicine,https://blog.blueprintprep.com/mcat/mcat-psychology-bystander-effect/,1,0,0.0,1.0
1955,college_medicine,https://blog.blueprintprep.com/mcat/mcat-psychology-adaptation/,1,0,0.0,1.0
1956,college_medicine,https://blog.blueprintprep.com/mcat/mcat-physics-sound-wave-behavior/,1,0,0.0,1.0
1957,college_medicine,https://blog.blueprintprep.com/mcat/mcat-physics-impulse-and-determination-2/,1,0,0.0,1.0
1958,college_medicine,https://blog.blueprintprep.com/mcat/mcat-organic-question-triacylglycerides/,1,0,0.0,1.0
1959,college_medicine,https://blog.blueprintprep.com/mcat/mcat-chemistry-question-negative-slope/,1,0,0.0,1.0
1960,college_medicine,https://blog.blueprintprep.com/mcat/mcat-chemistry-question-ideal-gases/,1,0,0.0,1.0
1961,college_medicine,https://blog.blueprintprep.com/mcat/mcat-biology-question-steroid-based-molecules/,1,0,0.0,1.0
1962,college_medicine,https://blog.blueprintprep.com/mcat/mcat-biology-question-phenotypes/,1,0,0.0,1.0
1963,college_medicine,https://blog.blueprintprep.com/mcat/mcat-biology-question-fetal-hemoglobin/,1,0,0.0,1.0
1964,college_medicine,https://blog.blueprintprep.com/mcat/mcat-biology-question-environmental-temperature/,1,0,0.0,1.0
1965,college_medicine,https://blog.blueprintprep.com/mcat/mcat-biology-question-electron-transport-chain/,1,0,0.0,1.0
1966,college_medicine,https://blog.blueprintprep.com/mcat/mcat-biology-question-dfp/,1,0,0.0,1.0
1967,college_computer_science,https://www.urch.com/forums/topic/98051-question-56-on-test-book/,1,0,0.0,1.0
1968,college_computer_science,https://www.urch.com/forums/topic/8262-trees/,1,0,0.0,1.0
1969,college_computer_science,https://www.quora.com/let-t-n-be-defined-byt-1-7-and-t-n+-1-3n+t-n-for-all-integers-n-1-which-of-the-following-represent,1,0,0.0,1.0
1970,college_computer_science,https://www.geeksforgeeks.org/difference-between-horizontal-and-vertical-micro-programmed-control-unit/,1,0,0.0,1.0
1971,college_computer_science,https://www.cse.psu.edu/~trj1/cse443-s12/docs/ch2.pdf,1,0,0.0,1.0
1972,college_computer_science,https://www.baeldung.com/cs/cache-direct-mapping,1,0,0.0,1.0
1973,college_computer_science,https://testbook.com/question-answer/which-of-the-following-is-not-represented-in-a-sub--6076d2c340706bdbd99c018b,1,0,0.0,1.0
1974,college_computer_science,https://testbook.com/question-answer/of-the-following-which-best-characterizes-compute--5f8ff15c0a54a78a09c328bd,1,0,0.0,1.0
1975,college_computer_science,https://testbook.com/question-answer/let-p-be-a-procedure-that-for-some-inputs-calls-it--5f9013869bb5977ca441d8a0,1,0,0.0,1.0
1976,college_computer_science,https://testbook.com/question-answer/let-a-be-a-finite-set-having-x-elements-and-let-b--6076d29e8b22a3fa665dc178,1,0,0.0,1.0
1977,college_computer_science,https://testbook.com/question-answer/in-multi-programmed-systems-it-is-advantageous-if--5f90136416d5206d2625a1b1,1,0,0.0,1.0
1978,college_computer_science,https://testbook.com/question-answer/consider-the-representation-of-six-bit-numbers-in--5efb4796819f050d1fec973f,1,0,0.0,1.0
1979,college_computer_science,https://testbook.com/question-answer/consider-the-following-statementss1-a-small-pa--5f56019ac79b49cbc32bdd20,1,0,0.0,1.0
1980,college_computer_science,https://testbook.com/question-answer/consider-the-following-policies-for-preventing-dea--5e21c482f60d5d3b87e1a1a0,1,0,0.0,1.0
1981,college_computer_science,https://testbook.com/question-answer/any-set-of-boolean-operators-that-is-sufficient-to--5f9004f5e05444d53abbb6f2,1,0,0.0,1.0
1982,college_computer_science,https://testbook.com/question-answer/a-particular-disk-unit-uses-a-bit-string-to-record--5f8ff0c8fb758a8d00da3b35,1,0,0.0,1.0
1983,college_computer_science,https://gateoverflow.in/61876/minimum-number-of-states-in-dfa,1,0,0.0,1.0
1984,college_computer_science,https://gateoverflow.in/56681/problem-on-hash-table,1,0,0.0,1.0
1985,college_computer_science,https://gateoverflow.in/49507/isro2007-33,1,0,0.0,1.0
1986,college_computer_science,https://gateoverflow.in/420193/go-classes-test-series-2024-mock-gate-test-12-question-54,1,0,0.0,1.0
1987,college_computer_science,https://gateoverflow.in/376248/go-classes-test-series-2023-digital-logic-test-3-question-4,1,0,0.0,1.0
1988,college_computer_science,https://gateoverflow.in/331348/isro2020-71,1,0,0.0,1.0
1989,college_computer_science,https://gateoverflow.in/280494/tifr-cse-2019-part-b-question-1?show=280552#a280552,1,0,0.0,1.0
1990,college_computer_science,https://gateoverflow.in/129722/test-by-bikram-mock-gate-test-4-question-38,1,0,0.0,1.0
1991,college_computer_science,https://cseweb.ucsd.edu//classes/sp06/cse101/notes-may18-matrix.pdf,1,0,0.0,1.0
1992,college_computer_science,https://cs.stackexchange.com/questions/155295/a-question-about-the-graph-theory-or-data-structure-and-algorithms,1,0,0.0,1.0
1993,college_computer_science,https://cgi.csc.liv.ac.uk/~trp/teaching_resources/comp204/204-lecture12.pdf,1,0,0.0,1.0
1994,college_chemistry,ap chemistry,1,0,0.0,1.0
1995,college_biology,https://www.yourhormones.info/hormones/parathyroid-hormone,1,0,0.0,1.0
1996,college_biology,https://www.weber.edu/wsuimages/jonclark/pdfs/cellbio/polytenechsomes.pdf,1,0,0.0,1.0
1997,college_biology,https://www.visiblebody.com/learn/biology/monocot-dicot/monocot-glossary,1,0,0.0,1.0
1998,college_biology,https://www.toppr.com/ask/question/were-the-first-group-of-animals-to-evolve-lung-tissue-requisite-to-support-their/,1,0,0.0,1.0
1999,college_biology,https://www.rhs.org.uk/advice/understanding-plants/how-plants-absorb-water,1,0,0.0,1.0
2000,college_biology,https://www.ncbi.nlm.nih.gov/books/nbk26857,1,0,0.0,1.0
2001,college_biology,https://www.nature.com/scitable/definition/frameshift-mutation-frame-shift-mutation-frameshift-203,1,0,0.0,1.0
2002,college_biology,https://www.nagwa.com/en/explainers/586108658402,1,0,0.0,1.0
2003,college_biology,https://www.britannica.com/science/neritic-zone,1,0,0.0,1.0
2004,college_biology,https://www.britannica.com/animal/arthropod/evolution-and-paleontology,1,0,0.0,1.0
2005,college_biology,https://study.com/academy/lesson/angiosperms-characteristics-definition-examples.html,1,0,0.0,1.0
2006,college_biology,https://quizlet.com/678448590/senior-seminar-organismal-biology-part-c-flash-cards/,1,0,0.0,1.0
2007,college_biology,https://quizlet.com/502469766/biology-gre-test-prep-flash-cards/,1,0,0.0,1.0
2008,college_biology,https://openoregon.pressbooks.pub/envirobiology/chapter/3-3-terrestrial-biomes,1,0,0.0,1.0
2009,college_biology,https://en.wikipedia.org/wiki/zero_population_growth,1,0,0.0,1.0
2010,college_biology,https://en.wikipedia.org/wiki/thigmotropism,1,0,0.0,1.0
2011,college_biology,https://en.wikipedia.org/wiki/polyploidy,1,0,0.0,1.0
2012,college_biology,https://en.wikipedia.org/wiki/optimality_model,1,0,0.0,1.0
2013,college_biology,https://en.wikipedia.org/wiki/mimicry,1,0,0.0,1.0
2014,college_biology,https://en.wikipedia.org/wiki/kinetochore,1,0,0.0,1.0
2015,college_biology,https://en.wikipedia.org/wiki/compound_eye,1,0,0.0,1.0
2016,college_biology,https://en.wikipedia.org/wiki/clathrin,1,0,0.0,1.0
2017,clinical_knowledge,https://www.physio-pedia.com/oedema_assessment,1,0,0.0,1.0
2018,clinical_knowledge,https://www.ncbi.nlm.nih.gov/pmc/articles/pmc1120141,1,0,0.0,1.0
2019,clinical_knowledge,"https://www.ncbi.nlm.nih.gov/books/nbk535382/#:~:text=the%20proximal%20row%20of%20carpal,trapezoid%2c%20capitate%2c%20an",1,0,0.0,1.0
2020,clinical_knowledge,https://www.britishjournalofnursing.com/content/clinical-pathophysiology/shock-aetiology-pathophysiology-and-management,1,0,0.0,1.0
2021,clinical_knowledge,https://www.andrew.cmu.edu/course/03-231/mcqf05/mcqlec27.htm,1,0,0.0,1.0
2022,clinical_knowledge,https://quizlet.com/893205235/exam-2-flash-cards/,1,0,0.0,1.0
2023,clinical_knowledge,https://orthop.washington.edu/sites/default/files/files/16-6-document.pdf,1,0,0.0,1.0
2024,clinical_knowledge,https://my.clevelandclinic.org/health/diseases/22795-hypovolemic-shock,1,0,0.0,1.0
2025,clinical_knowledge,https://global.oup.com/uk/orc/nursing/endacott/01student/quizzes/ch11/02passive/?view=standard,1,0,0.0,1.0
2026,clinical_knowledge,https://global.oup.com/uk/orc/nursing/endacott/01student/quizzes/ch09/03lavage/?view=standard,1,0,0.0,1.0
2027,clinical_knowledge,https://global.oup.com/uk/orc/nursing/endacott/01student/quizzes/ch08/01conscious/?view=standard,1,0,0.0,1.0
2028,clinical_knowledge,https://global.oup.com/uk/orc/nursing/endacott/01student/quizzes/ch05/09intravenous/?view=standard,1,0,0.0,1.0
2029,clinical_knowledge,https://global.oup.com/uk/orc/nursing/endacott/01student/quizzes/ch05/05inhalers/?view=standard,1,0,0.0,1.0
2030,business_ethics,https://mcqmate.com/discussion/193013/better-access-to-certain-markets-differentiation-of-products-and-the-sale-of-pollu,1,0,0.0,1.0
2031,business_ethics,https://mcqmate.com/discussion/192952/refers-to-a-strategic-process-involving-stakeholder-assessment-to-create-long-term,1,0,0.0,1.0
2032,business_ethics,https://mcqmate.com/discussion/192914/what-is-the-enlightened-self-interest-model-of-csr,1,0,0.0,1.0
2033,business_ethics,https://mcqmate.com/discussion/180724/which-of-the-following-is-not-one-the-underlying-principles-of-the-corporate-gover,1,0,0.0,1.0
2034,business_ethics,https://mcqmate.com/discussion/180242/a-stakeholder-orientation-includes-all-of-the-following-activities-except,1,0,0.0,1.0
2035,business_ethics,https://mcqmate.com/discussion/180238/which-of-the-following-would-most-effectively-act-as-the-primary-objective-of-a-bu,1,0,0.0,1.0
2036,business_ethics,https://mcqmate.com/discussion/180235/what-does-milton-friedman-believe-to-be-the-sole-responsibility-of-business,1,0,0.0,1.0
2037,business_ethics,https://mcqmate.com/discussion/107129/a-company-may-become-insolvent-if-it,1,0,0.0,1.0
2038,astronomy,https://www.vastantenna.com/10-largest-satellite-dishes-on-earth/,1,0,0.0,1.0
2039,astronomy,https://www.vaia.com/en-us/textbooks/physics/universe-8-edition/chapter-14/problem-34-it-is-thought-that-plutos-tenuous-,1,0,0.0,1.0
2040,astronomy,"https://www.quora.com/what-are-the-layers-of-a-star-and-what-does-each-layer-do#:~:text=it%20is%20thought%20that%20a,ele",1,0,0.0,1.0
2041,astronomy,https://www.quora.com/the-second-cosmic-velocity-or-escape-velocity-is-the-speed-required-by-an-object-to-escape-the-gra,1,0,0.0,1.0
2042,astronomy,https://www.quora.com/if-mars-was-warmer-and-wetter-in-the-past-what-caused-it-to-lose-its-surface-water-and-become-so-d,1,0,0.0,1.0
2043,astronomy,https://www.quora.com/how-do-astronomers-think-jupiter-generates-its-internal-heat,1,0,0.0,1.0
2044,astronomy,https://www.quora.com/how-did-mars-lose-the-majority-of-its-atmosphere-and-will-that-happen-to-earth#:~:text=mars%20isn',1,0,0.0,1.0
2045,astronomy,https://www.pearson.com/channels/general-chemistry/asset/aa20803c/the-temperature-on-the-surface-of-the-sun-is-5778-k-wh,1,0,0.0,1.0
2046,astronomy,"https://www.nasa.gov/image-article/large-magellanic-cloud/#:~:text=nearly%20200%2c000%20light%2dyears%20from,collapse%20",1,0,0.0,1.0
2047,astronomy,"https://www.nasa.gov/image-article/galaxy-next-door/#:~:text=at%20approximately%202.5%20million%20light,milky%20way's%20",1,0,0.0,1.0
2048,astronomy,https://www.loc.gov/collections/finding-our-place-in-the-cosmos-with-carl-sagan/articles-and-essays/modeling-the-cosmos/,1,0,0.0,1.0
2049,astronomy,https://www.britannica.com/science/mare-lunar-feature,1,0,0.0,1.0
2050,astronomy,"https://web.pa.msu.edu/courses/1999fall/isp205/sec-3/galilean_moons_surfaces.html#:~:text=io%3a,being%20resurfaced%20by%",1,0,0.0,1.0
2051,astronomy,https://science.nasa.gov/mission/mars-phoenix/,1,0,0.0,1.0
2052,astronomy,https://quizlet.com/798067386/astr-exam-3-flash-cards/,1,0,0.0,1.0
2053,astronomy,https://quizlet.com/42021425/more-questions-flash-cards/,1,0,0.0,1.0
2054,astronomy,https://quizlet.com/323374887/homework-3-flash-cards/,1,0,0.0,1.0
2055,astronomy,https://quizlet.com/241510761/mastering-astronomy-astronomy-2-chapter-11-part-1-flash-cards/,1,0,0.0,1.0
2056,astronomy,"https://quizlet.com/174938474/astronomy-chapter-9-flash-cards/#:~:text=why%20does%20earth%20have%20the,core%20and%20reas",1,0,0.0,1.0
2057,astronomy,https://quizlet.com/173395992/astronomy-chapter-13-flash-cards/?issignupsession,1,0,0.0,1.0
2058,astronomy,"https://lasp.colorado.edu/outerplanets/solsys_planets.php#:~:text=the%20heavier%20rocky%20and%20metallic,known%20as%20th",1,0,0.0,1.0
2059,astronomy,"https://en.wikipedia.org/wiki/venus#:~:text=the%20planet%20has%20few%20impact,commonly%20found%20on%20rocky%20planets.",1,0,0.0,1.0
2060,astronomy,https://en.wikipedia.org/wiki/moons_of_mars,1,0,0.0,1.0
2061,astronomy,https://en.wikipedia.org/wiki/moons_of_jupiter,1,0,0.0,1.0
2062,astronomy,https://en.wikipedia.org/wiki/meteor_shower,1,0,0.0,1.0
2063,astronomy,https://en.wikipedia.org/wiki/list_of_missions_to_venus,1,0,0.0,1.0
2064,astronomy,https://en.wikipedia.org/wiki/giant-impact_hypothesis,1,0,0.0,1.0
2065,astronomy,https://en.wikipedia.org/wiki/allan_hills_84001,1,0,0.0,1.0
2066,astronomy,https://earthsky.org/brightest-stars/polaris-the-present-day-north-star/#:~:text=as%20you%20travel%20northward%2c%20pola,1,0,0.0,1.0
2067,astronomy,https://consensus.app/home/blog/does-the-co2-atmosphere-of-mars-disprove-greenhouse-warming/#:~:text=short%20answer%3a%2,1,0,0.0,1.0
2068,astronomy,https://askanearthspacescientist.asu.edu/where-meteorites-come-from,1,0,0.0,1.0
2069,astronomy,"https://ares.jsc.nasa.gov/meteorite-falls/why-research-meteorites/#:~:text=solar%20system%20origins,age%20of%20our%20sol",1,0,0.0,1.0
2070,anatomy,https://global.oup.com/uk/orc/dentistry/atkinson/student/mcqs/ch30/,1,0,0.0,1.0
2071,anatomy,https://global.oup.com/uk/orc/dentistry/atkinson/student/mcqs/ch26/,1,0,0.0,1.0
2072,anatomy,https://global.oup.com/uk/orc/dentistry/atkinson/student/mcqs/ch21/,1,0,0.0,1.0
2073,anatomy,https://global.oup.com/uk/orc/dentistry/atkinson/student/mcqs/ch20/,1,0,0.0,1.0
2074,anatomy,https://global.oup.com/uk/orc/dentistry/atkinson/student/mcqs/ch17/,1,0,0.0,1.0
2075,anatomy,https://global.oup.com/uk/orc/dentistry/atkinson/student/mcqs/ch13/,1,0,0.0,1.0
2076,anatomy,https://global.oup.com/uk/orc/dentistry/atkinson/student/mcqs/ch05/,1,0,0.0,1.0
2077,anatomy,https://global.oup.com/uk/orc/dentistry/atkinson/student/mcqs/ch02/,1,0,0.0,1.0
2078,abstract_algebra,"zeroes: 2 (gives 20), since it's an even polynomial, also -2, 1 (gives 5), and -1.",1,0,0.0,1.0
2079,abstract_algebra,"you can create a permutation consisting of a cycle of 2, 3, and 5 elements, all disjoint. since those are coprime, it ha",1,0,0.0,1.0
2080,abstract_algebra,trivial homomorphism (send everything to identity) and mod 2,1,0,0.0,1.0
2081,abstract_algebra,thre are no ways to sum 1’s with positive numbers to 0!,1,0,0.0,1.0
2082,abstract_algebra,"this extension is equal to the extension with sqrt(2), sqrt(3), which is degree 4 https://math.stackexchange.com/questio",1,0,0.0,1.0
2083,abstract_algebra,the trivial homomorphism that maps everything to identity shows the first is true and the second is false,1,0,0.0,1.0
2084,abstract_algebra,"the order of the subgroup generated by <1, 1> is order 165, so the associated quotient is of order 165/165 = 1",1,0,0.0,1.0
2085,abstract_algebra,the order of an element can never be larger than the order of the group,1,0,0.0,1.0
2086,abstract_algebra,"the order of 4 in z_12 is 3, the order of 2 in z_8 is 4, so the order of the direct sum is 12",1,0,0.0,1.0
2087,abstract_algebra,"simple calculation, note -3 mod 8 =5",1,0,0.0,1.0
2088,abstract_algebra,"ok, follows directly from definition",1,0,0.0,1.0
2089,abstract_algebra,it is transitive (vacuously),1,0,0.0,1.0
2090,abstract_algebra,"in sequence: (25, 20, 15, 10, 5, 0), so of order 6",1,0,0.0,1.0
2091,abstract_algebra,in 3z there is no positive characteristic.,1,0,0.0,1.0
2092,abstract_algebra,https://www.youtube.com/watch?v=kxzygp4-woo https://en.wikipedia.org/wiki/isomorphism_theorems https://math.libretexts.o,1,0,0.0,1.0
2093,abstract_algebra,https://www.youtube.com/watch?v=euyrrkjbg5k,1,0,0.0,1.0
2094,abstract_algebra,https://users.metu.edu.tr/matmah/graduate-algebra-solutions/undergraduate-algebra-problems%20and%20solutions.pdf#page=93,1,0,0.0,1.0
2095,abstract_algebra,https://solutionsadda.in/2024/01/28/question-10270-gate-1994/,1,0,0.0,1.0
2096,abstract_algebra,"https://quizlet.com/636767652/section-13-concepts-and-theorems-flash-cards/# 6 is not divisible by 4, which is required ",1,0,0.0,1.0
2097,abstract_algebra,https://math.stackexchange.com/questions/4600950/is-4x2-irreducible-over-bbbqx-and-over-bbbzx https://en.m.wikipedia.org,1,0,0.0,1.0
2098,abstract_algebra,https://math.stackexchange.com/questions/326025/why-mathbbr-is-a-splitting-field-over-mathbbr https://en.m.wikipedia.org,1,0,0.0,1.0
2099,abstract_algebra,https://math.stackexchange.com/questions/2748229/group-of-order-42-has-normal-subgroup,1,0,0.0,1.0
2100,abstract_algebra,https://math.stackexchange.com/questions/2497460/solution-to-modular-congruence-347-mod23,1,0,0.0,1.0
2101,abstract_algebra,https://math.stackexchange.com/questions/2200744/why-is-mathbbq-sqrt2-sqrt3-mathbbq-4,1,0,0.0,1.0
2102,abstract_algebra,https://math.stackexchange.com/questions/2038529/show-that-all-permutation-group-s-n-when-n-geq-3-is-not-abelian-group h,1,0,0.0,1.0
2103,abstract_algebra,"https://math.stackexchange.com/questions/184894/group-theory-proving-ab-1-a-1-b-1 for general groups, (ab)^-1 = b^-1a^ -",1,0,0.0,1.0
2104,abstract_algebra,https://math.stackexchange.com/questions/1221665/let-h-be-a-subgroup-of-a-group-g-h-is-normal-iff-ah-ha-for-every-a-in-g,1,0,0.0,1.0
2105,abstract_algebra,https://math.stackexchange.com/questions/1213822/proving-that-hk-is-a-subgroup-when-k-is-normal https://aryamanmaithani.,1,0,0.0,1.0
2106,abstract_algebra,https://math.stackexchange.com/questions/1022406/determine-whether-the-polynomial-x2-12-in-mathbb-zx-satisfies-an-eisens,1,0,0.0,1.0
2107,abstract_algebra,https://kconrad.math.uconn.edu/blurbs/grouptheory/allgrouporderncyclic.pdf https://oeis.org/a003277 1: true (see sources,1,0,0.0,1.0
2108,abstract_algebra,https://haroldpboas.gitlab.io/courses/415-2006c/exam2.pdf,1,0,0.0,1.0
2109,abstract_algebra,https://faculty.etsu.edu/gardnerr/4127/notes/iv-23.pdf the book gives this answer in exercise 23.10 (note that -2 \equiv,1,0,0.0,1.0
2110,abstract_algebra,https://en.wikipedia.org/wiki/subgroup,1,0,0.0,1.0
2111,abstract_algebra,https://en.wikipedia.org/wiki/root_of_unity,1,0,0.0,1.0
2112,abstract_algebra,"https://en.wikipedia.org/wiki/inverse_function#left_and_right_inverses g is a left inverse. it must be surjective, as g\",1,0,0.0,1.0
2113,abstract_algebra,https://en.wikipedia.org/wiki/injective_function,1,0,0.0,1.0
2114,abstract_algebra,"https://en.wikipedia.org/wiki/cauchy%27s_theorem_(group_theory) 1: false, only holds for prime divisors by cauchy’s theo",1,0,0.0,1.0
2115,abstract_algebra,https://en.m.wikipedia.org/wiki/eisenstein%27s_criterion 2 doesn't work as it divides 8. 3 works: doesn't divide 8 but d,1,0,0.0,1.0
2116,abstract_algebra,"for n>1, this holds, but for rank one there is only one base",1,0,0.0,1.0
2117,abstract_algebra,follows directly from definitions of symmetric and anti-symmetric. it’s not an equivalence relation because it’s not ref,1,0,0.0,1.0
2118,abstract_algebra,follows directly from definition https://en.m.wikipedia.org/wiki/cyclic_permutation,1,0,0.0,1.0
2119,abstract_algebra,"first term 2x^2 cancels out completely mod 8, second term leaves these terms (note 5*2 mod 8 =6)",1,0,0.0,1.0
2120,abstract_algebra,certainly infinite (as rationals are closed under multiplication). it is non-abelian as matrix multiplication is not com,1,0,0.0,1.0
2121,abstract_algebra,"calculation, 0 gives 1, 1 gives 2, mod 2 is 0",1,0,0.0,1.0
2122,abstract_algebra,a * -1 = a + (-1) + 1 = a,1,0,0.0,1.0
2123,abstract_algebra,"3*(1, 1) = (3, 3), which is (0, 0) mod 3",1,0,0.0,1.0
2124,abstract_algebra,"2 indeed is a generator (its order is 10). the order of 1 is 1, the order of 3 is 5 and the order of 4 is 6",1,0,0.0,1.0
2125,abstract_algebra,"2 has order 4, 3 has order 7 (3, 2, 6, 4, 5, 1, 3) 4 has order 4 (4, 2, 1, 4)",1,0,0.0,1.0
2126,abstract_algebra,"2 gives 14 mod 7 = 0, and 3 gives 35 mod 7 is 0",1,0,0.0,1.0
2127,abstract_algebra,"2 * 6 = 12, 4 * 6 = 24, 6 * 6 = 36, 8 * 6 = 48, so holds mod 10",1,0,0.0,1.0
2128,abstract_algebra,"2 * 3 = 6 mod 5 = 1, 3 * 5 = 15 mod 9 = 6",1,0,0.0,1.0
2129,abstract_algebra,"1: yes, there are only 2 groups of order 4 up to isomorphism https://groupprops.subwiki.org/wiki/groups_of_order_4",1,0,0.0,1.0
2130,abstract_algebra,"1: yes, just z_n 2: yes, number is equal to eulers tuotient function which is positive",1,0,0.0,1.0
2131,abstract_algebra,"1: yes, just z^ n 2: yes, betti number refers to n in z^n x z_p1 x … x z_pk in a finitely generated group",1,0,0.0,1.0
2132,abstract_algebra,"1: yes, follows directly from definition 2: no, permutations also require surjectivity (essentially a bijection)",1,0,0.0,1.0
2133,abstract_algebra,"1: true, since there's a bijection from both to h, hence their cardinality is both h 2: false, this only holds if they'r",1,0,0.0,1.0
2134,abstract_algebra,"1: true, it’s the number of relative primes of 15, which is 8 (1, 2, 4, 7, 8, 11, 13, 14) https://www.quora.com/what-is-",1,0,0.0,1.0
2135,abstract_algebra,1: that's just not how functions work... 2: eg trivial homomorphism,1,0,0.0,1.0
2136,abstract_algebra,"1: taking g itself to form the quotient creates the trivial group, which is abelian. https://math.stackexchange.com/ques",1,0,0.0,1.0
2137,abstract_algebra,"1: not possible, z_2 has characteristic 2 and q 0. https://math.stackexchange.com/questions/344503/true-false-questions-",1,0,0.0,1.0
2138,abstract_algebra,"1: it can be lower, eg f(x) = x, g(x) = 2x are both of degree 1, but their sum in z_3 has degree 0. 2: true https://math",1,0,0.0,1.0
2139,abstract_algebra,1: https://math.stackexchange.com/questions/64371/showing-group-with-p2-elements-is-abelian?noredirect=1&lq=1 2: https:/,1,0,0.0,1.0
2140,abstract_algebra,1: https://math.stackexchange.com/questions/579341/condition-on-a-coset-to-be-a-subgroup 2: https://en.wikipedia.org/wik,1,0,0.0,1.0
2141,abstract_algebra,1: https://math.stackexchange.com/questions/2241104/if-phi-g-rightarrow-h-is-a-group-homomorphism-and-g-is-cyclic-prove-,1,0,0.0,1.0
2142,abstract_algebra,1: https://math.stackexchange.com/questions/2187381/prove-that-if-a-commutative-ring-r-is-integral-domain-then-the-polyn,1,0,0.0,1.0
2143,abstract_algebra,1: https://math.stackexchange.com/questions/117547/a-free-abelian-group-is-torsion-free 2: https://math.stackexchange.co,1,0,0.0,1.0
2144,abstract_algebra,"1: https://homework.study.com/explanation/prove-that-in-a-group-ab-2-b-2-a-2-if-and-only-if-ab-ba.html false, only holds",1,0,0.0,1.0
2145,abstract_algebra,"1: https://en.m.wikipedia.org/wiki/cyclic_group#:~:text=if%20n%20and%20m%20are,of%20the%20chinese%20remainder%20theorem.",1,0,0.0,1.0
2146,abstract_algebra,"1: false, eg requires 0 to be an element (n=6, then 2*3 = 6 mod6 = 0) 2: true (27 is an option)",1,0,0.0,1.0
2147,abstract_algebra,"1: any set of two vectors in r2 is obviously not linearly dependent 2: correct, follows from definition of span and dim",1,0,0.0,1.0
2148,abstract_algebra,"120 is the smallest common product (ie the smallest number that divides all of 8, 10 and 24 (rp with 15, 12 and 5))",1,0,0.0,1.0
2149,abstract_algebra,12 * 16 mod 24 = 0,1,0,0.0,1.0
2150,abstract_algebra,1. follows from cauchy’s theorem 2. false (eg cyclic group of order 10…),1,0,0.0,1.0
2151,abstract_algebra,"1 is true, just like in cartesian product 2 is true, individually you can construct isomorphisms from a subgroup of z_m ",1,0,0.0,1.0
2152,abstract_algebra,"1 is false, doesn’t have inverses. 2 is true, determinant 1 guarantees inverses exist",1,0,0.0,1.0
2153,abstract_algebra,"0 just gives 0, 1 gives 7 mod 5 = 2; 2 gives 32+24+4+4=64, mod 5 is 4; 3 gives 273 + 91 + 9 + 6 = 379, mode 5 is 4; 4 gi",1,0,0.0,1.0
2154,abstract_algebra,"0 doesn’t have an inverse, but the other conditions hold",1,0,0.0,1.0
2155,abstract_algebra,-160 + 7 * 26 = 22,1,0,0.0,1.0
2156,abstract_algebra,(-i) i = -(i^ 2) = - (-1) = 1,1,0,0.0,1.0
